ndd_gene	matched_hk_gene	ndd_gc	hk_gc	ndd_genedens	hk_genedens	ndd_recomb	hk_recomb	ndd_alu_density	hk_alu_density
SAMD11	NOC2L	0.7	0.661	30.0	32.0	3.468	2.961	0.0	0.5
SKI	NPIPA1	0.71	0.664	17.0	12.0	0.468	0.112	0.75	0.0
RERE	NDUFB2	0.509	0.508	7.0	8.0	0.436	0.46	1.5	1.0
CA6	MPZL1	0.502	0.511	7.0	8.0	4.265	4.101	1.0	0.5
CASZ1	RER1	0.594	0.607	14.0	17.0	4.844	4.702	0.25	0.25
MTOR	DNAJC8	0.487	0.488	16.0	17.0	0.326	0.252	1.75	2.25
MTHFR	ARAF	0.513	0.512	18.0	16.0	2.088	2.182	0.5	0.75
SPEN	DYNLL1	0.562	0.567	23.0	22.0	0.57	0.572	0.75	1.5
EPHB2	DLGAP4	0.642	0.626	11.0	11.0	1.934	1.485	0.0	0.0
HNRNPR	SP2	0.512	0.51	17.0	16.0	0.465	0.55	0.75	0.25
AHDC1	ALKBH5	0.612	0.607	19.0	17.0	0.784	0.704	0.0	0.5
TMEM39B	ATP5MF-PTCD1	0.52	0.523	26.0	26.0	0.057	0.055	1.75	2.25
DLGAP3	CD81	0.62	0.624	12.0	14.0	2.877	3.115	0.5	0.0
AGO4	AK2	0.539	0.539	15.0	16.0	0.066	0.133	0.5	0.5
AGO1	DNAJC9	0.444	0.45	16.0	16.0	0.169	0.143	2.0	0.25
AGO3	NOB1	0.482	0.484	18.0	18.0	0.033	0.091	0.0	1.25
GRIK3	IRF2BP2	0.653	0.67	2.0	2.0	2.073	2.179	0.0	0.0
MTF1	ZFP91	0.505	0.505	17.0	17.0	0.066	0.055	0.75	0.25
PPT1	VBP1	0.456	0.458	19.0	19.0	0.304	0.191	0.75	0.25
SMAP2	RAP1A	0.418	0.422	16.0	15.0	2.612	3.007	1.25	0.25
RIMS3	NOP14	0.562	0.56	13.0	12.0	0.326	0.341	0.25	0.0
HIVEP3	RPS7	0.505	0.505	8.0	8.0	0.269	0.178	0.25	1.0
SZT2	CKAP5	0.482	0.481	16.0	16.0	0.07	0.068	0.5	1.25
POMGNT1	RTL8C	0.502	0.503	20.0	20.0	0.282	0.362	1.0	0.25
AGBL4	EIF1AX	0.475	0.481	2.0	4.0	0.038	0.118	0.0	0.5
SCP2	WHAMM	0.504	0.507	13.0	14.0	0.212	0.258	1.0	0.25
CPT2	BLOC1S2	0.501	0.503	12.0	13.0	2.029	1.946	0.0	1.0
GLIS1	AKR7A2	0.601	0.593	15.0	15.0	1.586	1.313	0.0	0.25
NFIA	DMAC1	0.388	0.382	0.0	0.0	1.718	1.757	0.0	0.25
PATJ	YPEL5	0.522	0.536	2.0	3.0	1.388	1.192	1.0	0.5
DOCK7	GORASP2	0.496	0.5	5.0	4.0	0.213	0.248	0.75	0.25
SRSF11	ARL14EP	0.421	0.424	3.0	3.0	0.06	0.117	0.25	0.0
NEGR1	FDX1	0.487	0.489	0.0	3.0	0.28	0.178	0.0	0.5
PTBP2	SS18	0.488	0.495	0.0	2.0	0.083	0.037	0.5	0.25
DPYD	OSTC	0.349	0.385	0.0	3.0	0.11	0.188	0.25	0.0
NTNG1	DUSP22	0.534	0.54	1.0	3.0	1.624	1.905	0.0	0.25
GSTM1	ATG101	0.532	0.528	25.0	23.0	1.56	1.566	0.0	1.0
KCNA2	COPS4	0.476	0.474	10.0	11.0	1.108	1.151	0.5	1.25
ADORA3	NDUFB6	0.42	0.402	15.0	9.0	2.17	2.243	0.0	0.0
KCND3	CERK	0.626	0.634	7.0	8.0	2.316	2.51	0.0	0.5
TRIM33	TOR3A	0.545	0.544	8.0	7.0	0.195	0.222	0.5	0.5
AMPD1	RAB11A	0.386	0.392	9.0	8.0	0.148	0.023	0.75	2.0
CSDE1	MRPS18C	0.446	0.438	9.0	8.0	0.253	0.206	0.5	0.5
SLC22A15	MPHOSPH8	0.465	0.462	5.0	5.0	0.154	0.132	0.25	0.5
ATP1A1	JAK1	0.565	0.561	5.0	5.0	1.302	1.139	0.25	0.0
APH1A	RPL29	0.52	0.517	34.0	34.0	0.2	0.327	1.0	0.75
SETDB1	RPS27	0.478	0.474	33.0	33.0	0.055	0.087	1.75	1.5
POGZ	CHID1	0.532	0.53	35.0	36.0	0.493	0.435	1.0	2.25
ILF2	VPS52	0.475	0.482	35.0	37.0	0.679	0.474	1.75	1.0
UBAP2L	C1orf43	0.509	0.509	25.0	25.0	0.129	0.129	0.0	0.0
CHRNB2	TMEM101	0.534	0.524	27.0	26.0	0.456	0.373	0.25	0.0
ASH1L	PTGES3	0.536	0.535	34.0	35.0	0.03	0.058	0.75	1.5
IQGAP3	ERAL1	0.49	0.489	34.0	33.0	0.473	0.489	0.5	1.25
NTRK1	PTTG1IP	0.578	0.586	24.0	24.0	3.398	3.225	0.25	0.0
PYHIN1	ZBTB38	0.379	0.386	20.0	7.0	3.385	4.132	0.0	0.25
FCRL6	PIP4P1	0.452	0.496	25.0	34.0	6.498	6.344	0.25	0.5
KCNJ10	TATDN2	0.53	0.534	26.0	25.0	0.806	0.929	0.25	1.25
ATP1A2	CCAR2	0.548	0.546	26.0	23.0	1.76	1.718	0.0	0.0
PBX1	NDUFB4	0.4	0.433	0.0	7.0	5.036	3.89	1.5	0.5
KLHL20	SSBP1	0.405	0.409	13.0	13.0	0.063	0.237	0.0	0.25
ASTN1	TNKS	0.454	0.448	1.0	2.0	0.942	1.001	0.0	0.25
CACNA1E	FAM20B	0.53	0.525	4.0	6.0	2.207	2.041	0.0	0.0
PTGS2	COX7A2L	0.396	0.403	5.0	6.0	0.134	0.171	0.0	0.25
ASPM	GOLGB1	0.441	0.441	10.0	10.0	0.104	0.115	0.5	0.0
PTPRC	COPS5	0.334	0.352	2.0	9.0	0.546	0.008	0.0	1.0
KIF14	PNISR	0.432	0.433	7.0	7.0	0.27	0.316	1.0	0.25
KDM5B	SFPQ	0.55	0.553	15.0	16.0	0.91	0.891	0.0	1.25
ZC3H11A	IPO7	0.456	0.452	14.0	12.0	1.226	1.169	0.5	1.0
CNTN2	HNRNPAB	0.576	0.584	11.0	11.0	2.634	2.835	0.0	1.0
RBBP5	PDZD11	0.453	0.452	12.0	11.0	0.194	0.238	0.75	0.25
AVPR1B	CTSB	0.558	0.562	15.0	15.0	2.144	1.941	0.75	1.25
RASSF5	HSP90AB1	0.585	0.578	16.0	15.0	2.146	2.019	0.0	0.5
HSD11B1	ROCK2	0.399	0.41	9.0	7.0	3.195	2.953	0.0	0.5
USH2A	PREP	0.39	0.399	0.0	2.0	1.334	1.077	0.25	0.25
MARK1	RPS29	0.524	0.525	9.0	9.0	0.187	0.212	0.0	0.75
NUP133	NUDT15	0.458	0.459	6.0	6.0	0.094	0.139	0.5	0.75
TSNAX-DISC1	TSNAX-DISC1	0.466	0.466	10.0	10.0	0.326	0.326	0.25	0.25
DISC1	MRPL57	0.504	0.504	9.0	9.0	0.775	0.8	0.75	1.5
CHRM3	MYL12A	0.48	0.488	0.0	5.0	2.566	2.45	0.0	0.0
RGS7	GTF3A	0.518	0.519	6.0	8.0	3.175	2.941	0.0	0.5
ADSS2	LEPROT	0.497	0.498	7.0	5.0	2.124	2.058	0.0	0.0
HNRNPU	C1orf174	0.54	0.555	7.0	10.0	5.146	4.671	0.0	0.75
OR1C1	TCEAL4	0.341	0.38	30.0	18.0	0.499	0.062	0.25	0.5
OR2M4	NACA	0.389	0.428	38.0	33.0	0.326	0.12	0.5	2.25
OR2T10	ERVK3-1	0.377	0.457	28.0	36.0	1.882	2.431	0.25	0.5
ZMYND11	TMEM167A	0.424	0.418	1.0	2.0	0.306	0.234	1.0	0.25
DIP2C	NINJ1	0.654	0.63	5.0	10.0	2.403	2.406	0.0	0.25
CELF2	FAM98A	0.442	0.442	0.0	1.0	0.616	0.484	0.5	0.25
UPF2	LARP1	0.511	0.505	8.0	8.0	1.341	1.371	0.5	0.75
CACNB2	DNAJB6	0.528	0.527	4.0	4.0	1.041	0.987	0.75	1.75
MKX	THOC7	0.556	0.558	3.0	4.0	0.184	0.086	0.0	0.5
WAC	CBX3	0.565	0.563	2.0	3.0	0.319	0.51	0.75	0.0
HNRNPF	SRM	0.597	0.599	8.0	9.0	0.117	0.45	1.25	1.0
WDFY4	NUBP1	0.492	0.484	6.0	7.0	3.077	3.245	0.75	0.75
PCDH15	COX7C	0.438	0.436	0.0	0.0	0.309	0.373	0.0	0.5
ANK3	UBL3	0.486	0.49	2.0	2.0	0.728	0.781	0.0	0.0
REEP3	YIPF6	0.488	0.49	2.0	3.0	0.067	0.039	0.25	1.0
JMJD1C	TRAM1	0.501	0.511	2.0	3.0	0.067	0.086	0.25	0.25
CTNNA3	ARL6IP5	0.458	0.464	5.0	6.0	0.398	0.436	0.5	0.25
ADK	MFSD14A	0.469	0.464	12.0	11.0	0.07	0.074	0.25	0.5
KCNMA1	ULK1	0.632	0.638	3.0	7.0	2.065	1.602	0.0	0.0
ZMIZ1	NTMT1	0.682	0.633	4.0	14.0	4.433	3.247	0.0	0.25
DYDC2	MNAT1	0.405	0.399	9.0	8.0	0.253	0.105	1.25	0.25
DYDC1	RPL36AL	0.517	0.518	9.0	10.0	0.227	0.215	0.25	0.25
GRID1	TENT4A	0.662	0.647	5.0	4.0	0.81	0.877	0.0	0.0
PTEN	MAP1LC3B	0.582	0.59	5.0	7.0	0.93	0.914	0.0	1.5
BTAF1	MRPS9	0.439	0.442	5.0	5.0	0.41	0.414	0.5	0.25
EXOC6	BDH2	0.417	0.42	5.0	6.0	0.43	0.456	0.75	0.0
LGI1	TTC1	0.432	0.434	8.0	8.0	2.192	2.294	0.0	1.0
SLC35G1	CEBPZ	0.484	0.482	9.0	9.0	0.364	0.26	0.25	0.5
LZTS2	CLPTM1L	0.6	0.589	15.0	12.0	2.525	2.203	0.25	0.25
BTRC	GNL2	0.456	0.452	17.0	17.0	0.855	0.704	0.5	0.5
LDB1	STRN4	0.596	0.601	20.0	20.0	0.561	0.603	0.0	0.75
BORCS7-ASMT	BORCS7-ASMT	0.44	0.44	20.0	20.0	0.25	0.25	2.25	2.25
SORCS3	LARP4B	0.636	0.607	5.0	5.0	0.531	0.314	0.0	0.25
SMC3	TM9SF3	0.496	0.496	7.0	7.0	0.782	0.747	1.0	0.0
TCF7L2	VAPA	0.524	0.544	0.0	4.0	2.423	2.383	0.0	0.25
DOCK1	STK24	0.623	0.584	2.0	3.0	3.001	2.886	0.0	0.0
EBF3	PCGF5	0.578	0.59	2.0	5.0	3.402	3.382	0.0	0.0
HRAS	C11orf68	0.662	0.654	46.0	42.0	0.508	0.371	0.5	0.0
PHRF1	GATD1	0.643	0.64	47.0	43.0	0.556	0.625	0.0	0.75
DEAF1	USF2	0.692	0.7	46.0	43.0	0.89	0.877	0.0	0.0
SLC25A22	RHOT2	0.657	0.658	41.0	43.0	0.81	0.86	0.25	0.0
TSPAN4	POLR2L	0.667	0.655	37.0	37.0	0.556	0.557	0.75	0.75
BRSK2	KLHL21	0.697	0.67	21.0	19.0	0.746	0.953	0.0	0.25
CTSD	TAX1BP3	0.58	0.581	23.0	26.0	1.79	1.722	0.75	0.75
OR52M1	NGDN	0.423	0.452	29.0	29.0	1.175	1.543	0.0	0.75
APBB1	PSMB6	0.514	0.502	34.0	36.0	4.087	4.326	0.5	1.25
TPP1	GPATCH4	0.484	0.481	32.0	32.0	1.782	1.973	0.0	1.25
KCNC1	CHMP6	0.644	0.592	11.0	10.0	3.15	2.665	0.0	0.75
NAV2	RNF6	0.453	0.447	5.0	3.0	2.11	2.142	0.0	0.25
GAS2	CYCS	0.443	0.44	4.0	4.0	1.457	1.333	0.75	0.25
ELP4	C4orf3	0.387	0.387	5.0	6.0	0.042	0.186	0.0	1.0
CAPRIN1	RMND5A	0.559	0.562	9.0	9.0	0.166	0.092	0.25	0.0
LRRC4C	API5	0.39	0.398	0.0	2.0	0.294	0.368	0.0	1.25
PHF21A	PCID2	0.576	0.578	14.0	13.0	0.325	0.223	0.0	0.0
SSRP1	PSMD2	0.501	0.505	26.0	25.0	0.408	0.504	0.5	1.0
CTNND1	PSMC5	0.509	0.506	29.0	27.0	0.027	0.024	1.25	0.0
CPSF7	SDHAF2	0.498	0.498	26.0	26.0	0.24	0.24	1.25	1.25
DAGLA	MMP24OS	0.575	0.581	25.0	25.0	0.761	0.741	0.25	0.25
AHNAK	UBXN1	0.529	0.521	42.0	42.0	0.584	0.575	1.25	1.5
HNRNPUL2-BSCL2	EEF1G	0.553	0.553	40.0	42.0	0.655	0.637	0.5	0.0
HNRNPUL2	C11orf98	0.548	0.548	40.0	42.0	0.652	0.632	0.5	1.0
SLC22A9	NPIPB3	0.394	0.387	16.0	9.0	1.578	1.615	0.0	0.25
MARK2	UQCR11	0.573	0.577	33.0	35.0	1.149	1.112	0.0	1.5
NRXN2	FBRS	0.617	0.618	47.0	47.0	0.198	0.151	0.0	0.5
SF1	MED29	0.542	0.539	40.0	37.0	2.034	2.168	0.5	1.0
POLA2	FAU	0.518	0.514	44.0	43.0	0.108	0.185	1.25	0.75
KCNK7	PRDX2	0.575	0.573	46.0	46.0	0.487	0.522	0.75	0.75
PACS1	CD2BP2	0.582	0.592	49.0	48.0	0.193	0.077	0.0	0.0
DPP3	THAP11	0.554	0.547	37.0	36.0	0.087	0.017	0.5	0.75
CTSF	CUTA	0.549	0.543	33.0	33.0	0.087	0.076	1.0	0.0
KMT5B	MAFK	0.63	0.63	9.0	10.0	1.636	1.25	0.0	1.0
PPFIA1	RCN1	0.562	0.548	5.0	4.0	1.939	1.969	0.75	0.5
SHANK2	LSM14B	0.62	0.621	7.0	12.0	1.979	1.47	0.0	0.5
DHCR7	FBXW4	0.511	0.509	12.0	13.0	0.379	0.306	0.5	0.25
EMSY	NOL7	0.485	0.486	6.0	6.0	0.388	0.372	0.25	0.25
DLG2	FUBP1	0.44	0.438	7.0	7.0	0.114	0.01	0.0	0.5
GRM5	MRPS14	0.434	0.428	2.0	3.0	0.402	0.364	0.0	0.25
CNTN5	COA6	0.406	0.437	0.0	3.0	2.955	3.012	0.0	0.5
TRPC6	RNF19A	0.416	0.421	6.0	8.0	0.496	0.44	0.25	0.25
GUCY1A2	GOLPH3	0.542	0.545	1.0	3.0	0.42	0.452	0.0	1.25
PPP2R1B	TIMM10	0.455	0.462	26.0	25.0	0.162	0.277	0.25	0.25
DIXDC1	ATP5MF	0.522	0.523	25.0	26.0	0.104	0.055	1.0	2.25
DRD2	HNRNPDL	0.576	0.576	8.0	7.0	1.279	1.464	0.0	0.5
HTR3A	SAR1A	0.482	0.486	12.0	11.0	1.582	1.698	0.5	0.75
ZBTB16	TPRG1L	0.605	0.583	11.0	10.0	4.642	4.461	0.0	0.25
CADM1	ZFAND3	0.556	0.546	0.0	4.0	0.508	0.464	0.25	0.25
PAFAH1B2	ACBD3	0.492	0.488	13.0	13.0	0.214	0.236	0.25	1.0
KMT2A	BTBD6	0.624	0.627	24.0	20.0	0.806	0.815	0.0	0.25
MFRP	UBAC1	0.563	0.559	26.0	25.0	3.668	3.675	0.25	0.5
GRIK4	IRF2	0.629	0.593	5.0	5.0	3.937	3.624	0.0	0.75
TBCEL	BNIP3L	0.497	0.493	4.0	5.0	0.724	0.644	0.0	0.5
TBCEL-TECTA	CCNI	0.491	0.496	4.0	4.0	0.724	0.56	0.0	0.25
TECTA	SEM1	0.382	0.38	4.0	4.0	0.721	0.641	0.0	0.25
MSANTD2	ABCF2	0.52	0.504	23.0	25.0	4.611	4.862	0.25	0.5
SRPRA	KCTD10	0.504	0.503	14.0	14.0	0.198	0.199	0.25	0.5
KIRREL3	RAB12	0.509	0.518	0.0	2.0	2.05	1.946	0.0	0.25
ARHGAP32	ANKRD10	0.552	0.548	4.0	6.0	1.194	1.147	0.0	0.0
KDM5A	LSG1	0.444	0.437	7.0	6.0	1.194	1.168	0.25	0.75
CACNA1C	ADIPOR2	0.356	0.391	6.0	6.0	2.429	2.096	0.0	1.0
GALNT8	MAGED2	0.481	0.48	15.0	14.0	0.247	0.289	0.25	0.0
KCNA1	SLC25A6	0.586	0.598	11.0	7.0	4.887	4.923	0.25	2.0
STYK1	MRPL17	0.447	0.475	30.0	31.0	1.699	1.596	0.75	0.5
GRIN2B	GALNT11	0.503	0.5	2.0	3.0	1.908	1.958	0.0	0.25
SLCO1B3	NT5C1B-RDH14	0.372	0.372	5.0	2.0	1.069	1.715	0.5	0.0
SLCO1B3-SLCO1B7	GSTO1	0.339	0.382	5.0	10.0	1.072	0.551	0.5	0.25
SOX5	DAP	0.54	0.546	2.0	4.0	0.818	0.776	0.0	0.25
CCDC91	ZRANB1	0.356	0.384	5.0	7.0	0.591	0.454	0.0	0.75
PRICKLE1	TAPT1	0.53	0.532	4.0	4.0	0.7	0.613	0.25	0.25
ARID2	RPL7	0.557	0.563	1.0	5.0	0.889	0.932	0.0	0.0
VDR	EIF4A3	0.571	0.57	14.0	15.0	0.854	0.762	0.0	1.25
ARF3	MRPL58	0.525	0.516	32.0	32.0	0.561	0.488	0.75	0.75
WNT1	RRP9	0.588	0.586	31.0	30.0	0.57	0.549	0.25	0.5
SCN8A	LSM1	0.525	0.522	17.0	18.0	1.376	1.349	0.5	0.75
SMARCC2	ANKRD52	0.556	0.564	48.0	46.0	0.153	0.124	0.5	0.75
LRP1	ELOB	0.586	0.599	36.0	41.0	2.696	2.553	0.0	0.5
MBD6	DNAJB2	0.559	0.554	39.0	38.0	0.353	0.495	0.5	0.0
AGAP2	PFDN5	0.488	0.494	30.0	32.0	0.291	0.237	0.5	1.0
USP15	TXNL1	0.45	0.443	2.0	2.0	0.249	0.095	0.25	0.25
AVPR1A	BTG1	0.515	0.511	1.0	0.0	0.63	0.74	0.0	0.0
LEMD3	TMEM248	0.499	0.501	5.0	6.0	0.112	0.073	0.25	1.5
GRIP1	GLRX3	0.565	0.58	1.0	2.0	1.637	1.674	0.0	0.5
PTPRB	SLU7	0.376	0.41	3.0	8.0	1.709	1.57	0.0	0.0
KRR1	POLR2K	0.385	0.394	5.0	6.0	0.17	0.206	0.25	0.5
NAV3	SLC25A3	0.49	0.481	2.0	3.0	0.651	0.596	0.0	0.5
CEP290	UQCRB	0.423	0.427	4.0	5.0	0.432	0.505	0.0	0.5
ANKS1B	WASL	0.484	0.482	7.0	7.0	0.194	0.075	0.0	0.0
PAH	YWHAZ	0.553	0.548	2.0	4.0	2.125	1.797	0.0	0.25
NUAK1	LRPAP1	0.596	0.59	4.0	6.0	2.574	2.469	0.0	0.25
CUX2	RCC2	0.598	0.59	8.0	11.0	0.16	0.259	0.0	0.0
HECTD4	UBP1	0.547	0.552	7.0	8.0	0.023	0.161	1.0	1.25
PTPN11	USP34	0.541	0.54	8.0	8.0	0.016	0.053	2.25	0.75
MED13L	EMC8	0.565	0.545	3.0	4.0	1.258	1.413	0.5	0.5
BICDL1	USP39	0.577	0.574	15.0	17.0	0.337	0.194	0.25	0.5
KDM2B	EIF3D	0.501	0.506	16.0	15.0	3.569	3.577	0.25	1.5
SETD1B	THAP4	0.59	0.591	20.0	17.0	1.034	1.188	0.0	0.5
DENR	TMED2	0.497	0.505	18.0	18.0	0.57	0.503	0.25	1.5
ATP6V0A2	POFUT1	0.548	0.547	17.0	17.0	0.184	0.111	0.75	0.25
DNAH10	NUFIP2	0.523	0.52	15.0	15.0	1.227	1.137	0.75	0.25
EP400	USP12	0.554	0.553	7.0	7.0	0.438	0.364	2.5	0.25
ZMYM2	CTSZ	0.586	0.598	7.0	11.0	1.751	1.352	0.0	0.25
SACS	IPO5	0.443	0.434	4.0	2.0	2.447	2.228	0.75	1.25
KATNAL1	HMGB1	0.461	0.46	5.0	6.0	0.998	0.837	0.0	0.0
BRCA2	CMAS	0.472	0.478	5.0	7.0	2.108	2.256	0.75	0.25
NBEA	DHX15	0.498	0.498	0.0	3.0	0.454	0.349	0.0	0.5
SETDB2	DERL1	0.477	0.472	10.0	9.0	1.932	1.781	0.75	0.5
INTS6	NAP1L4	0.547	0.55	8.0	8.0	0.21	0.173	0.0	0.75
PCDH9	TMX3	0.459	0.452	0.0	1.0	1.815	1.528	0.0	0.75
CLN5	TMEM41A	0.494	0.495	6.0	7.0	0.799	0.806	0.5	0.5
MYCBP2	PPP2CB	0.482	0.485	8.0	8.0	0.456	0.551	0.0	0.75
SPRY2	PABPC1	0.571	0.572	0.0	5.0	0.801	0.741	0.0	0.5
SLITRK5	CAND1	0.492	0.487	0.0	2.0	0.76	0.899	0.0	0.25
GPC6	ZNF622	0.501	0.506	0.0	3.0	0.88	0.815	0.0	0.25
MYO16	MRPL44	0.388	0.413	3.0	6.0	1.964	1.511	0.0	0.0
CHAMP1	GOLGA4	0.487	0.486	6.0	6.0	0.179	0.115	1.25	0.25
SUPT16H	MRPL9	0.461	0.466	24.0	24.0	0.273	0.401	0.0	0.25
CHD8	CORO7-PAM16	0.478	0.483	22.0	23.0	0.279	0.288	1.25	2.25
SLC7A7	MRPL54	0.461	0.516	28.0	29.0	6.163	5.301	1.0	1.75
FOXG1	CBR4	0.442	0.452	0.0	2.0	2.22	2.65	0.0	0.5
ARHGAP5	SYPL1	0.51	0.5	1.0	3.0	0.942	1.041	0.0	0.5
FBXO33	GPBP1	0.511	0.509	5.0	4.0	0.112	0.115	0.0	0.25
LRFN5	SLC38A2	0.552	0.542	0.0	3.0	0.141	0.142	0.0	0.0
PRPF39	EIF1B	0.441	0.446	6.0	6.0	0.097	0.159	0.25	0.0
MDGA2	ESYT2	0.566	0.595	0.0	4.0	0.426	0.661	0.0	0.25
SOS2	PICALM	0.497	0.498	10.0	10.0	0.129	0.167	0.25	0.0
EXOC5	ZCRB1	0.439	0.438	4.0	4.0	0.297	0.157	0.25	0.25
KCNH5	DDX18	0.396	0.397	3.0	2.0	0.469	0.205	0.25	0.0
ESR2	TOMM70	0.48	0.48	7.0	7.0	0.19	0.103	0.5	0.25
GPHN	MSN	0.528	0.528	1.0	2.0	0.068	0.277	0.25	0.5
ZFYVE26	TMED7-TICAM2	0.449	0.453	12.0	12.0	0.281	0.321	0.75	0.25
ESRRB	BOD1	0.471	0.471	4.0	6.0	2.08	1.784	0.0	0.25
VASH1	WNK1	0.583	0.58	8.0	7.0	2.517	2.415	0.0	0.0
IRF2BPL	IMP3	0.611	0.602	16.0	16.0	1.336	1.3	0.5	0.0
NRXN3	SNX9	0.463	0.468	4.0	5.0	1.384	1.426	0.0	0.25
CCDC88C	PEDS1-UBE2V1	0.573	0.578	6.0	9.0	0.693	0.525	0.0	0.75
UNC79	PPP6C	0.502	0.505	10.0	10.0	0.095	0.117	0.25	1.75
YY1	MORF4L1	0.605	0.609	8.0	11.0	0.334	0.682	0.5	0.25
DYNC1H1	NDUFB1	0.537	0.528	8.0	8.0	0.531	0.441	0.25	1.75
CDC42BPB	FBH1	0.596	0.602	11.0	12.0	1.055	1.199	0.25	0.25
NIPA1	LMO4	0.5	0.498	5.0	3.0	4.334	4.352	0.25	0.0
NIPA2	AK3	0.523	0.518	6.0	9.0	4.334	3.741	1.75	0.75
CYFIP1	ERGIC1	0.559	0.58	7.0	9.0	4.334	4.144	1.0	0.25
TUBGCP5	DCTD	0.535	0.533	7.0	3.0	4.334	3.838	0.5	0.0
MAGEL2	WSB2	0.566	0.548	5.0	6.0	3.056	3.395	0.0	0.25
UBE3A	HMGB2	0.493	0.503	3.0	4.0	0.729	0.893	0.25	0.0
ATP10A	CUL1	0.561	0.556	1.0	7.0	2.732	2.455	0.0	0.0
GABRB3	TIMM22	0.482	0.503	2.0	12.0	6.751	6.662	0.0	1.5
GABRG3	MKRN1	0.542	0.524	2.0	8.0	4.201	3.422	0.5	1.25
APBA2	ZNF395	0.555	0.551	5.0	9.0	2.553	2.252	0.75	0.5
NSMCE3	TMEM184C	0.44	0.443	3.0	3.0	1.685	1.78	0.0	0.75
ARHGAP11B	SUGT1	0.443	0.442	8.0	8.0	0.211	0.072	0.75	0.0
FAN1	ERP44	0.424	0.419	9.0	8.0	0.198	0.041	0.5	0.0
TRPM1	WRNIP1	0.563	0.584	3.0	10.0	2.452	2.383	0.25	0.5
OTUD7A	MRPL36	0.508	0.519	1.0	5.0	2.131	2.09	0.0	0.0
CHRNA7	RAB9A	0.349	0.431	2.0	7.0	2.325	2.415	0.0	0.0
MEIS2	DDX1	0.525	0.5	0.0	2.0	1.644	1.591	0.0	1.25
THBS1	G3BP1	0.57	0.567	4.0	7.0	0.317	0.237	0.0	0.5
C15orf62	SHISA5	0.602	0.588	27.0	25.0	0.294	0.256	0.0	0.5
UBR1	SCAND1	0.418	0.418	16.0	14.0	0.049	0.203	0.75	1.0
MAP1A	POLR2F	0.523	0.531	26.0	28.0	0.081	0.102	0.25	1.5
TERB2	NDUFB3	0.416	0.419	15.0	13.0	0.108	0.047	0.75	0.25
FBN1	RANBP9	0.562	0.558	8.0	7.0	0.681	0.831	0.25	0.25
DMXL2	ZCCHC17	0.488	0.488	10.0	11.0	0.068	0.083	0.0	0.5
LEO1	SERP1	0.469	0.47	10.0	9.0	0.266	0.262	2.0	0.5
MYO5C	SNX1	0.486	0.484	10.0	11.0	1.416	1.462	0.25	0.25
MYO5A	FBXO21	0.532	0.526	7.0	6.0	0.927	0.805	0.25	0.75
CGNL1	STX16-NPEPL1	0.541	0.586	5.0	13.0	5.657	5.445	0.75	0.0
MYO1E	TMSB4X	0.518	0.508	7.0	5.0	3.352	3.4	0.25	0.0
HERC1	DNAJA2	0.497	0.5	8.0	9.0	0.411	0.407	0.25	0.5
MEGF11	VDAC1	0.622	0.615	9.0	10.0	1.106	0.845	0.0	0.75
ZWILCH	CFAP36	0.453	0.45	8.0	8.0	0.176	0.152	0.75	1.0
CLN6	RSL24D1	0.413	0.421	7.0	7.0	0.666	0.674	0.5	0.0
ANP32A	CAB39	0.564	0.552	7.0	10.0	2.46	2.666	0.0	0.75
TLE3	OGFR	0.616	0.628	0.0	19.0	5.331	4.869	0.0	0.25
CELF6	UBFD1	0.534	0.531	14.0	13.0	0.268	0.196	0.75	0.75
BBS4	PET117	0.477	0.482	13.0	14.0	0.721	0.662	1.75	0.5
NEO1	ATOX1	0.526	0.528	6.0	7.0	0.288	0.227	0.0	0.0
CD276	POLR1D	0.574	0.571	11.0	11.0	0.694	0.574	0.25	0.0
SIN3A	TOB2	0.599	0.616	17.0	20.0	0.012	0.086	0.25	0.0
CIB2	RNF216	0.569	0.561	13.0	13.0	0.626	0.718	0.5	2.0
ARNT2	SETD3	0.558	0.551	7.0	7.0	1.352	1.598	0.0	0.0
AP3B2	ZFYVE21	0.596	0.615	15.0	16.0	0.216	0.259	0.0	0.5
NTRK3	ARL8A	0.608	0.587	6.0	11.0	3.641	3.282	0.0	0.5
ZNF774	HSPA9	0.492	0.496	16.0	14.0	0.582	0.619	1.0	1.0
ST8SIA2	PTMA	0.608	0.598	2.0	8.0	2.515	2.308	0.0	0.5
CHD2	TXNDC9	0.304	0.366	3.0	12.0	0.602	0.053	0.0	1.0
NPRL3	RAB4B-EGLN2	0.52	0.53	28.0	29.0	0.998	1.032	1.5	0.75
METTL26	DRAP1	0.662	0.658	45.0	42.0	0.492	0.363	0.0	0.0
CACNA1H	PPDPF	0.709	0.686	39.0	31.0	4.744	4.555	0.25	0.0
MAPK8IP3	HAGH	0.562	0.574	49.0	50.0	0.178	0.495	0.75	0.75
TSC2	ISOC2	0.574	0.581	50.0	49.0	3.244	3.016	1.0	0.5
TRAF7	ASPSCR1	0.586	0.584	47.0	46.0	1.154	1.071	0.25	1.75
CASKIN1	SDF4	0.669	0.636	47.0	41.0	1.226	1.076	0.25	0.5
SRRM2	LENG8	0.566	0.541	40.0	38.0	3.045	3.127	1.0	0.75
CREBBP	ATP5ME	0.618	0.612	16.0	17.0	1.584	2.001	0.25	0.75
ROGDI	EGLN2	0.602	0.606	27.0	28.0	1.387	1.19	0.0	0.5
RBFOX1	MRPS6	0.599	0.582	12.0	12.0	1.755	1.421	0.0	0.25
ABAT	LRRC47	0.543	0.542	8.0	10.0	2.438	2.074	0.25	1.25
USP7	TMEM230	0.448	0.451	8.0	8.0	2.353	2.476	1.0	1.0
GRIN2A	NME2	0.579	0.584	2.0	10.0	1.196	0.772	0.25	1.0
MRTFB	ACP1	0.533	0.537	1.0	4.0	0.93	1.044	0.5	0.0
SYT17	MRGBP	0.575	0.636	12.0	20.0	5.509	5.379	0.75	0.5
DNAH3	PARP1	0.5	0.502	13.0	13.0	0.611	0.653	0.25	1.0
PRKCB	TADA2B	0.588	0.598	11.0	13.0	0.557	0.736	0.0	0.5
CLN3	UBE2M	0.6	0.604	25.0	24.0	0.129	0.11	0.25	0.0
PRRT2	RPLP2	0.63	0.628	39.0	39.0	0.575	0.831	0.0	1.0
SEZ6L2	GAPDH	0.628	0.623	44.0	42.0	0.491	0.568	0.0	0.0
KCTD13	DNASE2	0.528	0.533	44.0	44.0	0.401	0.265	0.75	2.25
TAOK2	ZFPL1	0.528	0.524	43.0	41.0	0.06	0.179	0.0	0.25
MAPK3	RAB1B	0.584	0.592	49.0	47.0	0.574	0.627	1.25	0.5
CORO1A	LRCH4	0.599	0.602	50.0	46.0	0.669	0.7	0.75	0.75
SRCAP	SART1	0.544	0.545	45.0	43.0	0.094	0.158	1.0	1.0
SETD1A	MUS81	0.583	0.588	43.0	43.0	0.113	0.315	0.75	0.0
STX1B	BCL7C	0.584	0.577	46.0	45.0	0.105	0.218	0.75	0.0
BCKDK	CFL1	0.601	0.606	41.0	43.0	0.422	0.323	1.0	0.0
GNAO1	CDC23	0.472	0.467	18.0	18.0	0.062	0.043	0.25	1.5
CNOT1	DYNLT1	0.512	0.514	8.0	8.0	0.676	0.588	0.75	0.5
CDH8	PRPF40A	0.518	0.519	0.0	2.0	0.342	0.329	0.0	0.0
CDH11	ZNF330	0.4	0.41	0.0	3.0	0.858	0.991	0.0	0.0
CTCF	TSC22D4	0.586	0.595	47.0	47.0	0.273	0.206	0.25	1.75
TERF2	CYB5B	0.456	0.447	19.0	19.0	0.648	0.645	1.5	2.0
SF3B3	RPN2	0.498	0.496	13.0	12.0	0.056	0.066	1.75	1.25
HYDIN	WDR75	0.422	0.425	11.0	11.0	0.13	0.09	0.0	0.25
CNTNAP4	RTRAF	0.4	0.422	1.0	4.0	1.764	1.54	0.25	0.25
WWOX	CCDC50	0.51	0.505	3.0	4.0	0.679	0.74	1.25	0.25
CMIP	ZYX	0.63	0.624	12.0	22.0	3.638	3.38	0.0	0.0
CDH13	PDIA6	0.532	0.49	1.0	6.0	5.708	4.435	0.0	0.5
TAF1C	RPL38	0.523	0.523	15.0	13.0	3.684	3.686	1.5	0.75
SLC7A5	DEXI	0.595	0.552	7.0	12.0	4.094	3.146	0.25	0.0
ANKRD11	CDK2AP1	0.6	0.609	22.0	21.0	0.145	0.121	0.5	1.0
CHMP1A	UBE2G1	0.602	0.586	24.0	24.0	0.838	0.586	1.5	1.75
YWHAE	B4GALT7	0.542	0.542	19.0	20.0	0.294	0.396	1.5	0.75
SMG6	DCAF12	0.53	0.53	15.0	14.0	0.408	0.542	1.5	1.25
MNT	ITPK1	0.644	0.631	13.0	12.0	1.284	0.953	0.0	1.0
P2RX5-TAX1BP3	P2RX5-TAX1BP3	0.575	0.575	26.0	26.0	1.885	1.885	0.5	0.5
P2RX5	EMC6	0.578	0.578	26.0	26.0	1.885	1.722	0.5	0.75
CAMTA2	TAPBP	0.591	0.594	40.0	39.0	0.293	0.272	0.25	0.0
DLG4	EDF1	0.586	0.577	63.0	61.0	0.638	0.557	0.0	1.5
NLGN2	TMEM256	0.621	0.595	65.0	65.0	3.312	3.361	0.0	0.5
KDM6B	RABL6	0.627	0.619	60.0	63.0	1.53	1.126	0.25	0.5
CHD3	C6orf47	0.564	0.56	60.0	64.0	0.404	0.114	0.0	0.25
PER1	PPP1R37	0.546	0.549	36.0	34.0	1.588	1.486	1.25	0.75
MYH10	DCAF15	0.583	0.577	23.0	23.0	1.126	0.871	0.25	0.75
MYH4	SNX12	0.361	0.371	11.0	14.0	0.153	0.26	0.0	0.25
ZNF18	TAX1BP1	0.457	0.462	2.0	3.0	0.146	0.078	0.5	0.75
NCOR1	TRIP4	0.448	0.45	13.0	14.0	0.206	0.201	1.5	1.5
RAI1	TFDP1	0.638	0.62	15.0	15.0	0.408	0.156	0.5	0.0
PHF12	APEH	0.591	0.589	27.0	28.0	0.315	0.131	0.0	0.5
TAOK1	RPS8	0.53	0.526	13.0	13.0	0.175	0.11	1.25	1.5
SLC6A4	ABCB10	0.55	0.556	7.0	7.0	0.77	0.802	0.25	0.75
RNF135	C6orf62	0.511	0.514	11.0	11.0	0.759	0.774	1.25	0.5
NF1	PRELID3B	0.515	0.509	10.0	10.0	0.447	0.423	0.5	0.25
PSMD11	CMPK1	0.514	0.518	9.0	9.0	0.064	0.053	0.25	1.0
GGNBP2	GUK1	0.56	0.568	17.0	17.0	0.077	0.096	0.75	1.25
PPP1R1B	CTDSP2	0.624	0.619	28.0	28.0	0.15	0.261	0.0	0.25
THRA	FBL	0.516	0.506	29.0	27.0	1.467	1.309	0.75	0.25
NR1D1	MTFR1L	0.565	0.57	30.0	26.0	1.556	1.442	0.75	0.25
KRT26	TAF7	0.378	0.421	50.0	56.0	1.212	0.56	0.5	0.25
SLC25A39	PFKL	0.625	0.617	26.0	28.0	2.12	2.343	1.25	0.75
GRN	DDX17	0.542	0.544	26.0	22.0	1.717	1.778	0.75	0.75
GFAP	CRTC3	0.556	0.555	22.0	21.0	0.538	0.53	1.0	0.75
KANSL1	ARF4	0.484	0.482	9.0	9.0	0.074	0.024	0.75	0.75
GOSR2	NPEPL1	0.43	0.432	12.0	13.0	0.547	0.404	0.0	0.5
ITGB3	LAMP1	0.54	0.532	13.0	14.0	2.235	2.379	0.5	0.5
PNPO	GABARAPL2	0.519	0.52	17.0	18.0	0.285	0.228	0.75	0.5
PHB1	TIMM17A	0.474	0.469	15.0	14.0	2.049	2.191	0.75	1.0
SLC35B1	TRPC4AP	0.498	0.496	19.0	19.0	0.193	0.196	0.0	1.0
DLX3	MRPS26	0.602	0.61	22.0	21.0	3.266	3.056	0.0	0.25
PDK2	PEA15	0.538	0.539	24.0	27.0	3.398	3.716	0.5	0.25
PPP1R9B	RPL22	0.66	0.643	25.0	20.0	2.16	1.996	0.0	0.25
CACNA1G	APRT	0.67	0.64	22.0	19.0	2.363	2.162	0.0	0.25
VEZF1	ELK1	0.536	0.528	16.0	15.0	2.158	1.833	0.0	0.0
TSPOAP1	HEXIM1	0.549	0.556	22.0	23.0	1.117	0.995	0.0	0.0
PPM1D	ARPP19	0.49	0.496	5.0	6.0	0.786	0.937	0.0	1.25
MED13	RPL5	0.472	0.471	6.0	6.0	0.354	0.359	0.0	1.0
TLK2	PNN	0.478	0.476	5.0	5.0	0.344	0.295	2.25	1.0
TANC2	TMEM60	0.503	0.5	3.0	4.0	0.159	0.056	0.0	0.0
ACE	LY6E	0.646	0.634	23.0	25.0	1.609	1.519	0.25	0.0
SCN4A	PTGES2	0.608	0.592	28.0	31.0	1.822	1.923	0.25	0.5
PRKCA	ENO1	0.585	0.554	2.0	7.0	1.698	1.696	0.25	1.0
PSMD12	TOMM20	0.474	0.472	6.0	6.0	1.313	1.372	1.0	1.0
ABCA10	TMED7	0.31	0.387	5.0	12.0	0.66	0.313	0.25	0.5
TNRC6C	KCMF1	0.593	0.571	10.0	9.0	0.274	0.204	0.0	0.0
DNAH17	FURIN	0.477	0.489	18.0	12.0	7.095	5.486	0.5	0.25
SLC38A10	POLR2J	0.538	0.533	21.0	20.0	0.763	0.731	1.25	1.25
DLGAP1	CREG1	0.534	0.486	0.0	9.0	4.684	4.53	0.25	0.25
LAMA1	RPL30	0.55	0.482	3.0	8.0	4.863	4.658	0.75	1.0
MIB1	BMI1	0.554	0.554	5.0	6.0	0.163	0.163	0.5	0.0
ASXL3	COMMD6	0.474	0.476	1.0	3.0	0.239	0.398	0.0	0.25
ELP2	SLC39A6	0.514	0.513	5.0	5.0	0.552	0.553	0.75	0.75
CELF4	USP22	0.577	0.555	0.0	6.0	0.632	0.514	0.0	0.5
RIT2	ZRANB2	0.368	0.399	1.0	1.0	0.245	0.141	0.0	0.0
SETBP1	TOP1	0.548	0.53	0.0	5.0	1.446	0.949	0.0	0.5
KATNAL2	RUVBL1	0.516	0.51	8.0	7.0	0.032	0.061	0.75	0.5
MBD1	TSR1	0.588	0.595	7.0	13.0	0.731	0.872	0.0	0.0
SMAD4	MCMBP	0.483	0.478	6.0	5.0	0.098	0.057	0.0	0.75
DCC	COA5	0.494	0.504	0.0	5.0	0.622	0.459	0.0	0.0
TCF4	RPS24	0.465	0.467	0.0	3.0	0.054	0.127	1.0	1.25
TSHZ1	PSMG3	0.61	0.543	2.0	9.0	3.932	2.903	0.0	1.25
HCN2	CDC34	0.725	0.666	35.0	33.0	6.628	5.915	0.25	0.5
ABCA7	RPL28	0.596	0.598	46.0	49.0	1.854	1.938	0.25	0.0
MBD3	MRPL41	0.623	0.628	35.0	35.0	2.242	1.86	1.0	0.75
KLF16	MAZ	0.717	0.69	39.0	39.0	0.534	0.606	0.0	0.0
DOT1L	TRIM28	0.61	0.612	27.0	24.0	0.219	0.187	1.5	0.75
SEMA6B	RNF126	0.628	0.639	28.0	36.0	3.893	3.826	0.5	0.75
KDM4B	LRRC42	0.585	0.581	16.0	14.0	1.034	1.26	0.5	0.5
ZNF559	RANGAP1	0.521	0.513	21.0	20.0	0.065	0.133	1.0	1.75
ZNF559-ZNF177	PHF5A	0.492	0.492	21.0	21.0	0.064	0.085	1.25	1.0
EIF3G	CCDC124	0.532	0.536	36.0	34.0	3.197	2.823	2.5	1.5
SMARCA4	CDK2AP2	0.575	0.573	30.0	29.0	0.127	0.223	1.25	0.25
ELAVL3	NR2F6	0.686	0.675	31.0	30.0	0.952	0.776	0.0	0.5
NACC1	KEAP1	0.575	0.582	35.0	38.0	2.15	1.93	0.5	1.75
CACNA1A	RPS14	0.48	0.483	20.0	19.0	2.351	2.444	0.75	1.0
CC2D1A	PAM16	0.546	0.55	21.0	24.0	2.417	2.533	1.75	1.75
BRD4	TOLLIP	0.604	0.591	26.0	24.0	0.134	0.197	1.5	0.0
SIN3B	KHDRBS1	0.521	0.523	26.0	25.0	0.678	0.553	1.25	0.75
MYO9B	PRPF6	0.592	0.598	34.0	33.0	1.976	2.18	0.25	0.25
UNC13A	CIRBP	0.585	0.606	39.0	42.0	4.812	4.946	0.75	0.0
ZNF626	SENP2	0.462	0.464	8.0	7.0	0.597	0.648	1.0	1.75
TSHZ3	BRD3	0.651	0.642	0.0	7.0	1.065	1.444	0.0	0.25
SCN1B	LMF2	0.604	0.618	27.0	31.0	2.761	2.883	0.75	0.0
FAM98C	USE1	0.557	0.562	28.0	30.0	1.12	0.983	1.75	1.25
ACTN4	ZNF251	0.543	0.536	34.0	35.0	0.28	0.257	1.25	0.75
CAPN12	SLC25A11	0.562	0.564	36.0	36.0	0.729	0.618	0.75	0.25
ATP1A3	RIC8A	0.627	0.622	32.0	30.0	0.529	0.65	0.0	0.25
GRIK5	RPL8	0.607	0.614	32.0	32.0	0.063	0.257	0.25	0.25
CIC	MRPL34	0.562	0.571	30.0	31.0	0.328	0.347	0.75	1.5
PLAUR	RPS9	0.512	0.5	35.0	33.0	4.856	4.733	1.0	1.25
DMPK	BAD	0.619	0.622	34.0	32.0	0.175	0.248	0.0	1.0
DMWD	MRPL38	0.56	0.555	34.0	35.0	0.154	0.141	1.0	1.25
PPP5C	NMT1	0.528	0.518	25.0	23.0	1.541	1.451	0.75	0.75
PRKD2	UQCRH	0.597	0.594	20.0	19.0	0.34	0.288	0.0	0.75
AP2S1	C19orf53	0.526	0.506	23.0	20.0	3.612	3.118	1.75	1.75
SAE1	ARFGAP2	0.588	0.584	24.0	23.0	0.365	0.199	1.0	0.0
ZC3H4	CHMP2A	0.58	0.575	24.0	24.0	0.341	0.134	1.75	0.5
BICRA	RHEB	0.602	0.591	23.0	22.0	0.523	0.361	1.0	0.5
GRIN2D	KDELR1	0.634	0.635	36.0	36.0	1.151	1.151	0.0	0.0
LIN7B	CTDNEP1	0.569	0.554	59.0	63.0	1.503	0.827	1.5	0.25
PRR12	NOSIP	0.611	0.604	46.0	46.0	0.793	0.785	0.5	0.5
SCAF1	MRPL20	0.548	0.554	43.0	43.0	0.954	1.054	0.5	2.25
PNKP	TALDO1	0.568	0.568	42.0	43.0	1.216	1.13	0.25	0.75
SHANK1	NFIC	0.668	0.596	37.0	29.0	5.936	4.741	0.0	0.5
ETFB	BTBD2	0.602	0.578	37.0	32.0	4.392	4.424	0.25	1.75
CNOT3	UBE2I	0.601	0.574	32.0	30.0	2.632	2.748	0.25	1.75
MBOAT7	R3HDM4	0.646	0.636	33.0	44.0	4.072	3.6	0.5	1.25
LILRB2	RPL18A	0.541	0.542	36.0	35.0	5.808	4.671	0.0	1.0
ZNF865	RPS2	0.566	0.58	46.0	46.0	2.505	2.498	1.0	0.75
ZNF548	ZMAT2	0.428	0.459	41.0	44.0	0.33	0.112	0.25	0.25
SNTG2	SNX19	0.534	0.538	2.0	3.0	0.707	0.617	0.0	0.0
TPO	LCMT1	0.462	0.473	2.0	4.0	1.821	1.668	0.25	0.75
PXDN	PCGF3	0.623	0.674	1.0	17.0	2.376	2.108	0.0	0.0
MYT1L	EIF3H	0.384	0.435	0.0	4.0	1.895	1.567	0.0	0.5
CMPK2	ARL8B	0.514	0.495	2.0	2.0	3.228	3.171	0.0	1.25
ASAP2	MTCH1	0.563	0.538	7.0	15.0	4.492	3.53	0.0	0.0
KCNS3	ANXA11	0.577	0.567	5.0	10.0	0.71	0.492	0.0	0.5
NCOA1	ZNF777	0.57	0.575	14.0	12.0	1.865	1.933	0.0	0.25
ADCY3	ANP32B	0.618	0.632	7.0	11.0	0.486	0.608	0.5	0.0
DNMT3A	DDX51	0.688	0.637	5.0	10.0	0.831	0.917	0.5	0.0
GALNT14	ZDHHC6	0.459	0.456	5.0	4.0	2.515	2.76	0.5	0.5
MEMO1	PHF10	0.569	0.56	7.0	6.0	0.082	0.125	0.5	0.25
SPAST	MAN1A2	0.514	0.512	7.0	6.0	0.08	0.138	1.25	0.0
BIRC6	XPOT	0.52	0.522	7.0	7.0	0.036	0.128	0.5	1.25
FBXO11	ATE1	0.549	0.542	3.0	5.0	0.247	0.235	0.0	0.5
NRXN1	SH3BGRL	0.392	0.401	0.0	2.0	0.552	0.123	0.25	0.0
SPTBN1	PRADC1	0.584	0.571	5.0	13.0	1.37	1.097	0.0	0.75
BCL11A	BRI3	0.565	0.547	4.0	7.0	1.183	0.624	0.0	1.0
PAPOLG	ERLEC1	0.463	0.467	6.0	6.0	0.219	0.207	1.5	0.5
XPO1	ACTR1B	0.544	0.536	6.0	6.0	0.045	0.098	0.5	0.75
CCT4	C6orf120	0.5	0.505	5.0	6.0	0.253	0.182	1.25	0.0
OTX1	PLCG1	0.603	0.614	1.0	6.0	0.095	0.067	0.0	0.0
EXOC6B	CLNS1A	0.489	0.494	10.0	10.0	0.137	0.08	0.75	1.0
RAB11FIP5	CHMP4B	0.502	0.507	12.0	12.0	0.746	0.774	0.75	0.75
ST3GAL5	CDKN2AIPNL	0.508	0.505	18.0	17.0	0.439	0.412	0.75	0.75
NPAS2	ADRM1	0.602	0.611	8.0	15.0	0.773	0.73	0.0	0.5
MAP4K4	SLC41A3	0.542	0.54	8.0	8.0	0.873	0.756	0.25	0.25
IL1R2	UBQLN1	0.482	0.485	7.0	7.0	0.558	0.577	0.0	0.0
SH3RF3	MZT2B	0.602	0.621	5.0	12.0	0.351	0.093	0.25	1.0
DPP10	EID1	0.356	0.406	0.0	6.0	1.786	0.988	0.0	0.0
CLASP1	BMS1	0.483	0.486	3.0	4.0	0.115	0.18	0.25	0.25
CNTNAP5	RPLP1	0.476	0.483	0.0	4.0	0.575	0.403	0.0	0.75
NCKAP5	HPF1	0.419	0.444	0.0	5.0	2.252	1.911	0.0	0.25
MCM6	SNX3	0.506	0.507	6.0	6.0	0.186	0.098	1.25	1.25
MBD5	LONP2	0.465	0.471	2.0	4.0	0.063	0.217	0.25	0.5
EPC2	ZNF706	0.53	0.529	2.0	3.0	0.329	0.516	0.0	0.25
KIF5C	RALBP1	0.566	0.535	3.0	7.0	1.323	1.15	0.25	0.25
GALNT13	ADO	0.55	0.54	1.0	4.0	0.495	0.518	0.0	0.25
NR4A2	KIF5B	0.487	0.486	1.0	3.0	0.286	0.233	0.0	0.25
GPD2	RAD23B	0.519	0.519	1.0	2.0	0.142	0.271	0.25	0.25
ERMN	UBC	0.408	0.433	3.0	6.0	2.767	3.064	0.25	1.0
BAZ2B	SECISBP2L	0.424	0.429	6.0	7.0	0.039	0.12	0.0	0.0
TBR1	PGRMC2	0.531	0.528	3.0	4.0	0.39	0.235	0.0	0.0
SLC4A10	ATP5PF	0.484	0.483	3.0	4.0	0.394	0.282	0.0	0.0
DPP4	SEC61B	0.497	0.501	4.0	5.0	1.052	1.243	0.0	0.5
SCN2A	RPL4	0.376	0.396	4.0	8.0	0.881	0.573	0.0	1.0
SCN3A	ATF6	0.348	0.404	4.0	15.0	0.823	0.73	0.0	0.75
SCN1A	KTN1	0.43	0.439	4.0	5.0	0.731	0.734	0.0	0.5
SCN9A	MRPL3	0.445	0.441	3.0	3.0	0.7	0.648	0.0	0.25
STK39	TSN	0.526	0.527	1.0	3.0	0.494	0.616	0.0	0.5
LRP2	GID8	0.572	0.571	15.0	16.0	0.963	0.845	0.0	1.0
UBR3	IWS1	0.505	0.5	12.0	12.0	0.357	0.266	1.0	0.25
SLC25A12	PRKAA1	0.463	0.464	7.0	7.0	0.216	0.249	1.0	0.0
DLX2	CDV3	0.546	0.532	7.0	6.0	2.778	2.923	0.25	0.5
RAPGEF4	WSB1	0.503	0.504	2.0	3.0	1.452	1.306	0.0	1.0
TTN	C6orf89	0.359	0.396	6.0	17.0	0.579	0.389	0.25	0.5
ZNF385B	ZNF32	0.505	0.515	1.0	6.0	1.185	1.279	0.0	0.75
NCKAP1	MBD2	0.505	0.506	4.0	5.0	0.342	0.387	0.5	0.5
ZNF804A	PANK3	0.479	0.486	0.0	3.0	0.253	0.238	0.0	0.5
INPP1	RPS27A	0.478	0.474	6.0	7.0	0.553	0.441	0.25	0.75
HECW2	VPS26C	0.528	0.528	5.0	5.0	0.428	0.477	0.5	0.5
SF3B1	COA4	0.449	0.451	10.0	11.0	0.041	0.084	0.75	0.75
SATB2	FAM8A1	0.524	0.529	4.0	5.0	0.419	0.492	0.5	0.75
PARD3B	RDH14	0.509	0.503	0.0	2.0	2.088	2.531	0.0	0.0
NRP2	SAMM50	0.501	0.482	3.0	7.0	3.465	3.333	0.0	0.25
UNC80	SRP19	0.454	0.456	4.0	5.0	0.261	0.213	0.25	0.5
VIL1	CUEDC2	0.54	0.534	24.0	24.0	1.071	0.998	1.25	1.0
PLCD4	INO80B-WBP1	0.452	0.448	27.0	28.0	0.061	0.078	0.5	0.25
RNF25	SELENOH	0.5	0.498	28.0	29.0	0.148	0.026	0.75	0.75
CUL3	KCTD9	0.509	0.518	3.0	3.0	0.201	0.078	0.0	0.0
DNER	TMSB10	0.566	0.558	5.0	8.0	2.62	1.934	0.0	0.75
TRIP12	AKAP10	0.526	0.526	7.0	7.0	0.104	0.088	1.0	0.75
GIGYF2	FAM168A	0.509	0.514	15.0	13.0	2.398	2.411	0.75	0.75
SPP2	EMC7	0.408	0.441	15.0	11.0	2.95	3.668	0.0	0.5
AGAP1	PSMA7	0.642	0.626	0.0	13.0	2.103	1.153	0.0	0.0
PER2	RNF187	0.586	0.586	12.0	14.0	0.584	0.494	0.25	0.75
HDAC4	OPTN	0.584	0.539	0.0	7.0	2.556	1.934	0.0	0.75
KIF1A	PNRC2	0.466	0.456	18.0	18.0	0.591	0.507	0.0	1.0
HDLBP	CFDP1	0.518	0.511	20.0	20.0	0.135	0.119	0.25	1.0
PDCD1	CENPB	0.64	0.572	11.0	15.0	3.317	2.811	0.0	0.25
CSNK2A1	CCZ1	0.512	0.501	21.0	16.0	3.456	3.333	0.25	1.75
RAD21L1	FOXJ2	0.54	0.546	17.0	16.0	2.959	3.445	0.5	1.0
OXT	TPM4	0.569	0.536	21.0	20.0	4.842	4.187	1.25	0.5
ITPA	CRK	0.533	0.534	20.0	19.0	2.033	1.794	1.5	2.0
PLCB1	MCM3	0.372	0.414	2.0	8.0	1.383	0.892	0.0	0.0
SNAP25	FUBP3	0.499	0.504	6.0	10.0	3.629	3.383	0.0	0.5
MACROD2	ACTR2	0.485	0.486	5.0	5.0	0.097	0.217	0.25	0.75
SNX5	LSM10	0.484	0.495	11.0	13.0	1.638	1.607	0.0	1.5
NINL	PDS5A	0.538	0.535	6.0	6.0	0.101	0.236	1.25	0.75
DUSP15	RPL7A	0.57	0.576	24.0	26.0	0.61	0.629	0.75	0.25
TM9SF4	PPIH	0.46	0.459	17.0	17.0	0.375	0.267	0.25	0.25
RALGAPB	KPNA1	0.494	0.488	13.0	13.0	0.131	0.11	0.5	0.75
PTPRT	TOR1B	0.614	0.56	7.0	12.0	3.255	2.208	0.0	1.5
ADA	OVCA2	0.568	0.574	19.0	20.0	2.839	2.868	1.25	0.25
SLC12A5	ZC3H3	0.544	0.55	32.0	32.0	0.703	0.721	0.5	1.0
CDH22	ARHGAP35	0.626	0.588	24.0	23.0	4.095	3.29	0.25	0.25
ZMYND8	RAB4A	0.506	0.512	3.0	6.0	1.583	1.806	0.0	0.25
PREX1	MPRIP	0.594	0.577	5.0	12.0	1.001	0.367	0.25	0.25
KCNB1	LASP1	0.594	0.576	10.0	18.0	2.344	2.336	0.25	0.0
ADNP	LSM14A	0.541	0.535	7.0	7.0	1.833	1.99	0.0	0.75
BCAS1	STX8	0.47	0.476	4.0	6.0	2.522	2.896	0.25	0.75
GNAS	EIF3B	0.568	0.556	12.0	12.0	1.155	1.106	0.5	1.5
TAF4	PHF13	0.704	0.66	12.0	19.0	1.959	0.972	0.0	0.25
CHRNA4	SF3A2	0.603	0.584	30.0	29.0	2.581	1.962	0.0	1.25
KCNQ2	PRPSAP1	0.682	0.695	30.0	33.0	1.914	1.505	0.0	0.0
EEF1A2	MOB3A	0.683	0.642	32.0	30.0	3.023	2.802	0.0	0.5
SOD1	BCCIP	0.509	0.51	3.0	6.0	0.307	0.256	0.75	0.5
SCAF4	PTPN12	0.568	0.558	3.0	7.0	0.439	0.188	0.0	0.75
SYNJ1	FAM168B	0.506	0.503	12.0	12.0	0.085	0.044	0.5	1.0
SON	RAMAC	0.471	0.47	14.0	13.0	0.106	0.136	0.25	1.25
ITSN1	MAEA	0.528	0.526	16.0	16.0	0.185	0.196	0.0	0.25
DYRK1A	RHOC	0.557	0.551	5.0	10.0	1.791	1.644	0.0	0.5
KCNJ15	MRPS30	0.413	0.411	1.0	1.0	0.156	0.048	0.5	0.0
ERG	REEP5	0.511	0.526	1.0	4.0	1.072	0.808	0.0	0.25
HMGN1	NFYB	0.538	0.54	8.0	9.0	0.371	0.273	0.25	0.5
DSCAM	CD99	0.508	0.568	2.0	8.0	6.266	7.791	0.0	0.5
ZBTB21	POLE3	0.577	0.501	13.0	15.0	5.944	4.932	0.5	0.75
CSTB	UBE2F-SCLY	0.588	0.58	13.0	16.0	1.071	1.344	1.25	0.5
DIP2A	RALY	0.575	0.567	12.0	12.0	0.118	0.099	0.75	0.25
CECR2	BLOC1S4	0.467	0.479	9.0	13.0	5.583	4.42	2.75	0.75
PRODH	MRPL43	0.555	0.552	14.0	15.0	2.562	2.525	1.0	0.0
CLTCL1	CAP1	0.522	0.517	19.0	20.0	0.349	0.473	0.25	0.5
GNB1L	CCDC9	0.596	0.583	22.0	20.0	1.795	1.921	0.25	1.75
LZTR1	BSG	0.581	0.596	17.0	35.0	6.917	7.021	0.0	1.25
TOP3B	HSBP1	0.491	0.488	10.0	9.0	2.484	2.696	1.25	0.25
SPECC1L-ADORA2A	COX5A	0.52	0.524	21.0	22.0	0.357	0.402	1.0	1.5
ADORA2A	CCDC12	0.576	0.574	18.0	18.0	0.076	0.084	0.25	0.5
PRR14L	TMEM50A	0.497	0.497	12.0	11.0	0.096	0.137	1.0	0.25
DEPDC5	VPS36	0.492	0.493	12.0	11.0	0.1	0.047	1.0	0.75
MYH9	NCL	0.573	0.556	12.0	13.0	0.9	1.067	0.5	0.75
CACNG2	SF3A3	0.483	0.464	18.0	16.0	2.318	2.01	0.0	0.75
CSNK1E	MIF	0.591	0.6	25.0	22.0	2.564	2.249	0.25	0.25
TPTEP2-CSNK1E	MLEC	0.553	0.549	24.0	24.0	0.451	0.537	0.0	0.25
CACNA1I	ATF4	0.564	0.558	17.0	18.0	1.023	1.114	0.25	0.25
TNRC6B	BFAR	0.523	0.524	8.0	9.0	0.24	0.253	0.25	1.5
ADSL	PTPN1	0.5	0.5	10.0	10.0	0.497	0.463	1.75	0.5
SGSM3	ADIPOR1	0.492	0.496	13.0	14.0	0.583	0.654	1.25	0.75
EP300	VAMP5	0.543	0.538	18.0	17.0	0.125	0.192	0.25	0.75
TCF20	USB1	0.646	0.64	20.0	17.0	1.065	0.996	0.0	0.0
SBF1	NR1H2	0.63	0.643	31.0	33.0	2.897	2.484	0.5	0.25
SHANK3	SAMD1	0.681	0.656	26.0	29.0	1.757	1.273	0.0	0.0
CNTN6	TBCA	0.362	0.44	0.0	4.0	3.539	3.574	0.0	0.25
CNTN4	YWHAQ	0.542	0.54	0.0	10.0	2.853	2.86	0.0	0.0
ITPR1	MYL12B	0.502	0.5	3.0	5.0	2.175	2.496	0.0	0.5
GRM7	KRCC1	0.419	0.454	0.0	7.0	2.496	2.601	0.0	1.0
OXTR	ABHD4	0.539	0.482	4.0	19.0	6.131	4.548	0.0	0.75
SRGAP3	UBE2D2	0.455	0.454	14.0	15.0	0.87	0.982	1.25	0.25
SETD5	IPO13	0.574	0.566	16.0	16.0	0.196	0.219	0.0	0.25
ATP2B2	UBE2F	0.6	0.58	8.0	16.0	1.524	1.347	0.0	0.5
SLC6A1	TEX261	0.571	0.54	4.0	15.0	6.14	3.483	0.0	0.75
SYN2	ZFP36L1	0.537	0.526	5.0	4.0	0.92	0.742	0.0	0.0
TBC1D5	PARK7	0.568	0.55	1.0	6.0	1.051	0.395	0.0	0.75
SATB1	TECPR1	0.552	0.545	1.0	7.0	1.052	0.624	0.0	0.75
KAT2B	CDS2	0.541	0.52	4.0	8.0	2.471	2.312	0.0	1.0
TOP2B	RRAGC	0.516	0.528	2.0	7.0	1.368	1.252	0.25	1.0
CX3CR1	GRPEL1	0.52	0.526	11.0	12.0	1.135	1.111	0.5	0.5
CTNNB1	SERINC1	0.361	0.408	0.0	4.0	0.4	0.063	0.0	0.75
SETD2	ERP29	0.542	0.54	14.0	13.0	0.016	0.034	0.5	1.0
PLXNB1	VEGFB	0.622	0.63	24.0	30.0	0.085	0.246	0.0	0.5
QRICH1	PRKAR2A	0.548	0.543	34.0	34.0	0.03	0.009	0.5	1.25
GPX1	EIF4EBP3	0.529	0.529	36.0	36.0	0.054	0.043	0.5	1.0
AMT	RANBP10	0.533	0.537	36.0	36.0	0.018	0.02	0.75	1.0
NPRL2	HMGN2	0.562	0.561	29.0	29.0	0.141	0.126	0.5	0.25
PHF7	CNP	0.57	0.576	38.0	38.0	0.078	0.11	0.25	0.25
CACNA1D	PSMA3	0.396	0.404	11.0	8.0	0.039	0.074	1.0	0.25
CACNA2D3	PCSK7	0.615	0.555	4.0	13.0	2.753	1.603	0.0	0.0
ASB14	COPS2	0.362	0.41	10.0	8.0	0.121	0.052	0.25	0.0
FHIT	MED10	0.457	0.472	1.0	4.0	1.504	1.526	0.0	0.25
FEZF2	U2AF1	0.544	0.501	1.0	9.0	3.949	2.805	0.0	0.0
CADPS	STIM1	0.555	0.546	1.0	13.0	2.33	1.979	0.0	0.25
PSMD6	MRPS28	0.459	0.463	5.0	5.0	0.323	0.318	0.75	0.75
PRICKLE2	RNF7	0.525	0.473	2.0	7.0	4.348	3.28	0.25	0.25
FOXP1	MRPL18	0.562	0.539	4.0	9.0	1.984	1.265	0.0	0.5
CNTN3	NAPG	0.504	0.483	0.0	1.0	1.086	1.096	0.5	0.5
ROBO2	FBXL5	0.376	0.412	2.0	8.0	0.739	0.378	0.0	0.25
GBE1	PBDC1	0.447	0.44	0.0	2.0	0.058	0.147	0.0	0.5
CADM2	RPL15	0.495	0.49	0.0	3.0	0.214	0.139	0.0	0.0
DRD3	COX17	0.345	0.416	8.0	13.0	1.644	1.015	1.0	0.25
ZBTB20	RNF11	0.498	0.507	1.0	6.0	0.031	0.077	0.25	0.25
FBXO40	DDX47	0.426	0.452	9.0	14.0	2.473	2.66	0.75	0.75
ADCY5	TRAPPC3	0.684	0.628	5.0	17.0	3.583	0.946	0.0	0.25
RAB43	LRRC41	0.601	0.594	18.0	19.0	0.048	0.288	0.5	0.75
ISY1-RAB43	SEC22C	0.476	0.479	18.0	18.0	0.017	0.055	0.25	0.75
MBD4	MRPS16	0.467	0.468	16.0	16.0	0.218	0.147	0.25	0.25
UBA5	MRPL22	0.39	0.414	8.0	7.0	0.077	0.25	0.0	1.0
PCCB	N4BP1	0.489	0.486	2.0	4.0	0.054	0.198	0.75	1.5
SLC9A9	SSR3	0.375	0.421	1.0	2.0	1.269	1.094	0.25	0.5
DIPK2A	UBE2R2	0.558	0.561	1.0	8.0	0.139	0.106	0.0	0.5
MED12L	DYNLL2	0.589	0.596	13.0	19.0	1.68	1.375	0.25	0.0
SERPINI1	TMBIM4	0.465	0.458	5.0	5.0	0.238	0.236	0.0	0.75
NLGN1	TARDBP	0.507	0.518	1.0	9.0	2.532	2.401	0.0	1.25
NAALADL2	AASDHPPT	0.362	0.417	0.0	3.0	0.343	0.432	0.0	0.0
TBL1XR1	TMX4	0.448	0.462	0.0	2.0	3.05	3.068	1.25	0.0
YEATS2	MRTO4	0.52	0.518	15.0	14.0	0.417	0.415	1.0	1.25
DVL3	ZNHIT1	0.571	0.566	25.0	23.0	0.595	0.835	0.5	1.0
AP2M1	TMEM258	0.506	0.503	25.0	26.0	1.119	1.195	0.25	1.0
ACAP2	TPT1	0.51	0.509	7.0	8.0	0.958	1.003	0.5	1.0
MUC4	RACK1	0.58	0.548	10.0	11.0	0.942	0.731	0.75	1.0
TM4SF19-DYNLT2B	HIGD1A	0.492	0.492	18.0	19.0	0.24	0.361	1.25	0.0
TM4SF19	PITHD1	0.486	0.484	18.0	19.0	0.239	0.144	1.0	0.5
PAK2	POLR2C	0.488	0.488	18.0	19.0	1.13	1.128	0.25	0.25
DLG1	USP48	0.544	0.531	9.0	12.0	2.086	1.653	0.25	1.0
NSD2	AGPAT3	0.618	0.622	14.0	17.0	0.533	0.561	0.5	0.5
GRK4	PDCD6	0.557	0.558	12.0	11.0	0.341	0.219	0.25	0.5
KIAA0232	MRFAP1	0.562	0.515	12.0	14.0	4.759	3.106	0.0	0.75
CPZ	NCLN	0.614	0.578	7.0	29.0	5.4	3.702	0.0	0.75
BST1	HIPK1	0.501	0.504	8.0	8.0	0.652	0.724	0.5	0.25
CD38	TPP2	0.468	0.474	9.0	10.0	0.686	0.697	0.0	0.25
GABRA4	VAMP3	0.484	0.49	4.0	5.0	0.555	0.526	0.25	0.25
SCFD2	SDCBP	0.43	0.428	3.0	3.0	0.153	0.186	0.25	0.0
CEP135	MED21	0.467	0.465	9.0	8.0	0.388	0.377	0.5	0.5
ANKRD17	KPNA4	0.497	0.501	6.0	7.0	0.162	0.136	0.25	0.0
G3BP2	ARMCX3	0.475	0.469	14.0	13.0	0.174	0.217	0.5	0.0
SCARB2	MRPL47	0.416	0.436	13.0	10.0	2.054	1.788	0.5	1.25
HNRNPD	RAB1A	0.514	0.513	5.0	5.0	0.75	0.786	0.5	0.5
WDFY3	COX5B	0.492	0.507	2.0	6.0	0.031	0.086	0.25	0.25
SPARCL1	RPF1	0.394	0.42	11.0	9.0	1.363	0.781	0.0	0.5
CCSER1	LPGAT1	0.5	0.508	2.0	6.0	0.094	0.063	0.0	0.0
GRID2	RAB5A	0.472	0.473	0.0	4.0	0.578	0.544	0.0	0.0
EIF4E	SUMO1	0.5	0.498	8.0	8.0	0.194	0.1	0.5	1.0
DAPP1	RTF2	0.444	0.45	11.0	10.0	0.834	0.947	0.5	0.5
PPP3CA	RNF103-CHMP3	0.58	0.563	2.0	9.0	0.105	0.091	0.0	0.0
TET2	TSPAN3	0.488	0.495	2.0	5.0	0.583	0.363	0.25	0.75
TBCK	CGGBP1	0.447	0.44	4.0	5.0	0.08	0.033	0.25	0.25
ANK2	IFRD1	0.407	0.428	3.0	6.0	0.68	0.695	0.25	0.25
MFSD8	STAU1	0.536	0.531	7.0	7.0	0.014	0.133	0.5	0.75
PCDH10	NIFK	0.535	0.522	0.0	3.0	0.983	0.613	0.0	0.5
NAA15	CDC16	0.449	0.447	7.0	7.0	0.265	0.227	0.0	0.0
ABCE1	ODR4	0.441	0.434	5.0	5.0	0.014	0.075	1.0	0.25
ZNF827	CD59	0.522	0.509	5.0	8.0	2.887	1.997	0.25	0.75
PRMT9	DIMT1	0.452	0.457	3.0	4.0	0.102	0.143	1.0	0.75
NR3C2	MRPL14	0.611	0.574	0.0	19.0	2.891	2.065	0.0	0.5
LRBA	MFSD14B	0.505	0.507	5.0	7.0	0.09	0.08	0.75	1.0
FGA	CDC27	0.382	0.444	6.0	11.0	1.842	1.946	0.25	0.25
TDO2	PYURF	0.359	0.444	5.0	8.0	2.012	1.996	0.0	0.25
GRIA2	ASNSD1	0.375	0.421	2.0	11.0	0.957	0.592	0.75	0.75
FAT1	RNF139	0.509	0.488	3.0	6.0	2.393	1.804	0.25	0.0
FRG1	HNRNPA3	0.47	0.476	2.0	4.0	0.159	0.229	0.0	0.5
EXOC3	RPL10A	0.566	0.558	15.0	15.0	1.401	1.228	0.5	0.5
SLC6A3	FN3KRP	0.63	0.57	10.0	18.0	2.803	1.612	0.5	1.0
SEMA5A	QSOX1	0.606	0.538	1.0	8.0	1.865	1.112	0.0	0.0
CTNND2	DEK	0.549	0.541	0.0	5.0	0.936	0.433	0.0	0.25
TRIO	VPS26B	0.624	0.563	2.0	9.0	0.67	0.241	0.0	0.25
CDH10	BTF3	0.352	0.439	0.0	6.0	1.547	1.456	0.0	0.5
CDH9	PRDM4	0.488	0.483	0.0	4.0	1.553	1.7	1.0	0.75
NIPBL	OTUD4	0.51	0.521	3.0	6.0	0.095	0.059	0.0	0.25
NUP155	HERPUD2	0.441	0.444	4.0	3.0	0.066	0.248	0.75	0.5
HCN1	NPM1	0.514	0.522	0.0	3.0	0.066	0.6	0.0	1.0
TRIM23	PSMA6	0.438	0.435	8.0	8.0	0.118	0.116	0.75	1.5
ERBIN	SSB	0.393	0.435	9.0	12.0	1.27	0.831	0.75	1.0
MAP1B	SELENOS	0.535	0.509	4.0	7.0	1.772	1.47	0.0	1.0
HOMER1	DYNC1LI1	0.491	0.484	8.0	8.0	1.263	1.275	0.25	0.25
MEF2C	COMMD3-BMI1	0.316	0.419	0.0	6.0	1.048	0.267	0.0	0.0
NR2F1	DCAF5	0.578	0.563	1.0	9.0	0.069	0.085	0.0	0.0
CHD1	THAP12	0.522	0.532	1.0	6.0	0.239	0.437	0.25	0.0
CAMK4	DCTN6	0.489	0.481	5.0	5.0	0.508	0.434	0.0	0.75
YTHDC2	PSMD14	0.441	0.43	2.0	3.0	0.125	0.032	0.0	0.5
MEGF10	PRCP	0.463	0.46	5.0	6.0	0.285	0.163	0.0	0.25
P4HA2	MAPKAPK2	0.594	0.587	18.0	18.0	0.385	0.204	0.25	0.0
PITX1	ZNF276	0.637	0.638	12.0	21.0	1.486	0.568	0.0	0.5
KDM3B	PCMT1	0.51	0.513	16.0	16.0	0.085	0.054	0.0	1.0
PURA	URGCP-MRPS24	0.506	0.503	15.0	16.0	0.443	0.329	0.0	0.5
PCDHA1	TMEM219	0.438	0.472	50.0	45.0	0.102	0.33	0.0	2.0
PCDHA2	RPL41	0.442	0.48	50.0	47.0	0.104	0.298	0.0	0.75
PCDHA3	SARNP	0.407	0.458	50.0	46.0	0.204	1.103	0.0	0.25
PCDHA4	MRPL51	0.442	0.463	50.0	41.0	0.315	0.7	0.0	0.0
PCDHA5	BAG6	0.399	0.508	51.0	62.0	0.304	0.537	0.0	1.0
PCDHA6	PA2G4	0.431	0.494	51.0	47.0	0.306	0.307	0.0	0.25
PCDHA7	AGPAT1	0.449	0.506	52.0	52.0	0.308	0.898	0.0	0.0
PCDHA8	ESYT1	0.444	0.502	53.0	47.0	0.297	0.296	0.25	0.0
PCDHA9	LSM2	0.41	0.498	53.0	69.0	0.299	0.125	0.25	2.25
PCDHA10	DPP7	0.434	0.516	55.0	62.0	0.301	1.128	0.25	1.25
PCDHA11	BCL2L2	0.361	0.461	56.0	36.0	0.3	1.157	0.0	0.25
PCDHA12	GABARAP	0.437	0.53	58.0	63.0	0.304	0.476	0.25	0.0
PCDHA13	RPS11	0.45	0.531	58.0	57.0	0.29	0.715	0.0	1.25
PCDHAC1	DVL2	0.525	0.543	65.0	63.0	0.272	0.588	0.75	0.5
PCDHAC2	FXR2	0.535	0.552	66.0	65.0	0.503	0.559	0.0	1.5
RBM27	LSM3	0.472	0.47	9.0	9.0	0.877	0.833	1.0	0.5
DPYSL3	SRPRB	0.505	0.51	6.0	7.0	0.699	0.616	0.25	0.25
ADRB2	DYNLT3	0.493	0.464	5.0	11.0	4.437	4.02	0.25	0.5
CAMK2A	PRPF8	0.541	0.522	18.0	21.0	3.437	2.74	0.25	1.5
GRIA1	SPCS3	0.458	0.456	0.0	5.0	2.11	1.715	0.0	0.0
GALNT10	UTP18	0.575	0.555	5.0	8.0	0.644	0.102	0.25	0.5
CYFIP2	ADD1	0.541	0.531	15.0	13.0	0.941	0.977	0.25	0.75
GABRB2	MTDH	0.519	0.527	3.0	7.0	0.275	0.216	0.0	0.75
GABRA1	ZC3H15	0.406	0.414	3.0	3.0	0.306	0.14	0.0	0.0
GABRG2	HMGN3	0.372	0.42	3.0	4.0	0.312	0.167	0.5	0.0
CCNG1	NDUFA12	0.45	0.45	3.0	5.0	0.368	0.484	0.5	1.25
NUDCD2	MRPL32	0.456	0.468	3.0	4.0	0.41	0.474	0.75	0.75
RANBP17	SUB1	0.483	0.473	3.0	4.0	0.643	0.732	0.25	1.75
CPEB4	SARAF	0.48	0.48	3.0	4.0	0.339	0.293	0.0	0.5
DRD1	ICMT	0.585	0.561	3.0	20.0	3.591	2.663	0.25	1.25
TSPAN17	TOMM6	0.603	0.576	18.0	20.0	1.81	1.494	0.0	0.75
UIMC1	KPNA6	0.502	0.503	25.0	25.0	0.051	0.055	1.0	1.5
NSD1	CTDSP1	0.628	0.609	23.0	24.0	1.083	1.246	0.0	0.25
ELOVL2	NCBP2	0.539	0.541	13.0	13.0	0.99	1.207	0.5	1.0
JARID2	SFSWAP	0.517	0.527	1.0	6.0	0.506	0.605	0.0	0.0
NHLRC1	PPP2R5E	0.492	0.488	6.0	6.0	1.331	1.259	0.75	0.0
KDM1B	SH3GLB1	0.493	0.496	6.0	7.0	0.473	0.333	0.75	0.25
ALDH5A1	SLC25A38	0.511	0.511	11.0	11.0	0.601	0.62	0.25	0.75
H2BC11	WASHC3	0.464	0.46	9.0	9.0	0.096	0.072	0.5	1.0
HLA-G	PSMD8	0.514	0.517	25.0	25.0	0.653	0.89	0.5	1.5
HLA-A	POLD2	0.503	0.497	22.0	20.0	1.407	1.558	0.5	1.0
HLA-B	RNASEK	0.429	0.504	57.0	53.0	1.313	2.209	0.25	0.5
C4B	EIF4A1	0.565	0.565	69.0	65.0	0.347	0.435	0.0	0.0
HLA-DRB1	OS9	0.421	0.445	35.0	33.0	0.526	0.279	0.75	0.5
HLA-DPB1	MOB1A	0.407	0.474	38.0	34.0	1.813	1.453	0.0	1.0
SYNGAP1	RBM14	0.551	0.544	33.0	32.0	0.076	0.033	0.0	0.75
GLO1	ESD	0.464	0.45	4.0	3.0	3.329	3.456	0.75	0.25
LRFN2	PPP2R5A	0.589	0.55	4.0	8.0	0.616	0.207	0.0	0.25
PPP2R5D	FLOT2	0.553	0.546	28.0	28.0	0.429	0.515	1.25	0.5
CUL7	MAU2	0.553	0.558	31.0	32.0	0.201	0.075	0.75	1.0
PTK7	TRMT112	0.594	0.586	32.0	33.0	0.212	0.131	0.0	0.5
SLC25A27	CUTC	0.414	0.43	9.0	12.0	0.359	0.119	0.0	0.75
LRRC1	ARF5	0.541	0.539	4.0	7.0	0.175	0.278	0.0	0.25
DST	ADI1	0.534	0.53	6.0	8.0	0.195	0.042	0.0	0.5
KIAA1586	RABGGTB	0.434	0.432	6.0	5.0	0.348	0.308	0.0	1.25
KHDRBS2	FAM174A	0.411	0.426	0.0	2.0	0.099	0.06	0.0	0.0
PHF3	NMD3	0.472	0.474	4.0	5.0	0.118	0.217	0.0	0.5
RIMS1	PEBP1	0.513	0.518	0.0	6.0	0.55	0.578	0.0	1.75
HTR1B	HECTD1	0.546	0.528	1.0	8.0	1.073	0.612	0.0	0.5
PHIP	PAIP1	0.499	0.503	4.0	7.0	0.101	0.042	0.0	0.25
SYNCRIP	HNRNPA0	0.582	0.56	3.0	10.0	0.064	0.048	0.5	0.5
ZNF292	TSNAX	0.468	0.462	10.0	10.0	0.317	0.317	0.5	0.25
CNR1	SMIM12	0.551	0.496	2.0	12.0	3.521	3.236	0.0	0.5
USP45	EBAG9	0.454	0.458	7.0	7.0	0.229	0.154	1.5	0.25
GRIK2	PSMD10	0.332	0.426	2.0	9.0	0.168	0.017	0.0	0.25
HS3ST5	HABP4	0.56	0.548	2.0	9.0	0.112	0.043	0.0	0.25
FRK	SLIRP	0.401	0.426	10.0	14.0	0.125	0.137	0.25	0.25
NUS1	DUT	0.508	0.511	6.0	6.0	0.32	0.407	0.5	0.75
PLN	FCF1	0.296	0.413	3.0	19.0	0.047	0.075	0.0	0.75
MED23	STRAP	0.41	0.432	7.0	4.0	0.94	0.989	0.0	0.25
PEX7	RPL14	0.481	0.476	6.0	6.0	0.169	0.22	1.0	1.25
HIVEP2	GHITM	0.377	0.446	3.0	6.0	1.664	2.026	0.5	0.25
EPM2A	ARMC1	0.456	0.46	3.0	4.0	0.073	0.082	0.25	1.75
STXBP5	GNG10	0.513	0.521	1.0	8.0	1.103	0.972	0.0	0.25
SASH1	BPGM	0.421	0.454	1.0	6.0	1.829	1.649	0.75	0.75
SYNE1	NSMCE4A	0.53	0.52	5.0	7.0	0.696	0.73	0.75	0.75
ARID1B	PWP1	0.456	0.475	0.0	4.0	1.13	1.047	0.0	1.0
PRKN	EMC2	0.434	0.428	1.0	3.0	0.157	0.085	0.25	0.0
RPS6KA2	GATAD1	0.534	0.48	9.0	12.0	3.468	2.765	0.0	0.25
DLL1	SIAH2	0.536	0.535	4.0	10.0	1.239	1.23	0.0	0.0
PRKAR1B	RANBP1	0.63	0.652	12.0	21.0	1.596	0.52	0.25	0.0
BRAT1	RPL23	0.56	0.554	14.0	18.0	2.816	2.306	1.5	0.75
CARD11	SELENOW	0.549	0.568	6.0	23.0	4.343	2.827	0.5	1.75
SLC29A4	TMEM184B	0.574	0.564	12.0	25.0	3.786	2.85	0.75	0.5
ACTB	CD320	0.552	0.568	14.0	27.0	3.561	3.174	2.0	1.0
GRID2IP	RPS19BP1	0.519	0.526	15.0	17.0	1.141	1.062	2.0	0.25
COL28A1	MRPL15	0.362	0.43	5.0	6.0	0.611	0.479	0.0	0.75
ICA1	MRFAP1L1	0.48	0.451	2.0	13.0	6.046	4.343	0.0	0.0
NXPH1	ILKAP	0.546	0.549	2.0	12.0	1.508	1.128	0.0	0.5
AGMO	CDC37L1	0.359	0.444	1.0	7.0	2.087	3.387	0.25	0.25
NFE2L3	PDCD6-AHRR	0.559	0.561	3.0	11.0	0.804	0.219	0.0	0.5
PDE1C	RPL32	0.49	0.484	3.0	8.0	2.904	2.135	0.25	1.0
ABCA13	UFL1	0.413	0.423	5.0	4.0	0.159	0.044	0.25	0.0
DDC	CDC123	0.46	0.461	5.0	7.0	0.447	0.523	0.25	1.0
ZNF713	MRPL21	0.509	0.513	11.0	11.0	0.221	0.243	1.75	0.25
KCTD7	HP1BP3	0.558	0.548	6.0	10.0	0.028	0.089	1.75	1.0
AUTS2	TMEM127	0.619	0.58	0.0	16.0	0.057	0.051	0.0	0.25
STX1A	EBNA1BP2	0.598	0.562	20.0	20.0	2.305	2.19	1.0	0.25
GTF2I	SEC62	0.423	0.442	12.0	13.0	1.181	0.861	1.25	0.25
GNAI1	NDUFA4	0.433	0.426	1.0	1.0	0.476	0.545	0.0	0.0
CACNA2D1	WDFY1	0.521	0.503	0.0	6.0	1.457	1.33	0.0	0.25
PCLO	EIF3M	0.418	0.452	1.0	7.0	1.536	1.595	0.0	0.75
ADAM22	PRPF18	0.477	0.471	7.0	7.0	0.842	0.831	0.25	1.0
AKAP9	UBE2D3	0.446	0.442	8.0	8.0	0.054	0.032	0.0	0.5
PON1	USPL1	0.462	0.458	6.0	6.0	0.778	0.83	0.0	0.0
DLX6	ZC3H18	0.56	0.556	3.0	15.0	2.151	1.631	0.0	0.75
TRRAP	ATP6V0B	0.584	0.559	8.0	15.0	1.283	0.807	0.75	0.0
SMURF1	DDRGK1	0.596	0.558	20.0	20.0	2.282	2.036	0.5	1.5
AZGP1	DCTN2	0.464	0.472	39.0	38.0	0.322	0.582	1.25	0.0
TAF6	COPS6	0.514	0.514	41.0	41.0	0.112	0.132	1.75	1.0
GIGYF1	SPAG7	0.582	0.58	39.0	37.0	0.23	0.402	1.25	0.75
ACHE	AURKAIP1	0.635	0.613	41.0	42.0	0.886	0.561	0.75	0.25
MUC12	FKBP8	0.567	0.572	36.0	36.0	1.276	1.309	1.0	1.25
SERPINE1	UBL5	0.529	0.527	27.0	29.0	0.775	0.619	0.75	1.25
CUX1	SUMO3	0.706	0.652	4.0	26.0	1.063	0.585	0.0	0.5
RELN	ZDHHC7	0.534	0.511	2.0	8.0	2.299	1.697	0.0	1.25
KMT2E	INTS12	0.524	0.52	3.0	7.0	0.383	0.46	0.75	0.0
PIK3CG	DAD1	0.382	0.464	3.0	17.0	4.821	4.339	0.0	0.75
LAMB1	PIP5K1C	0.572	0.554	10.0	28.0	4.374	3.129	0.25	0.75
NRCAM	ABHD12	0.588	0.546	5.0	10.0	0.398	0.083	0.0	1.5
IMMP2L	ACTR3	0.484	0.481	1.0	4.0	0.105	0.199	0.25	0.25
DOCK4	CACUL1	0.531	0.521	5.0	8.0	0.829	0.702	0.25	0.5
GPR85	TSR2	0.39	0.458	3.0	8.0	1.808	1.465	0.0	1.25
FOXP2	RPL35	0.602	0.548	1.0	13.0	2.198	1.347	0.0	1.0
MET	DNAJC13	0.456	0.463	6.0	7.0	1.698	1.456	0.0	0.0
ST7	RPL31	0.494	0.5	7.0	7.0	0.771	0.712	0.0	0.5
CTTNBP2	EIF4G2	0.499	0.493	3.0	5.0	1.378	1.216	0.0	0.25
KCND2	UNC50	0.509	0.505	0.0	5.0	0.031	0.459	0.0	0.0
CADPS2	AKIRIN1	0.491	0.492	4.0	7.0	0.722	0.934	0.0	0.5
NDUFA5	BCAS2	0.404	0.433	8.0	9.0	0.118	0.062	0.25	1.0
GPR37	GSPT1	0.552	0.54	2.0	9.0	0.426	0.166	0.25	0.75
POT1	EIF3E	0.41	0.426	2.0	3.0	0.04	0.086	0.5	0.0
SND1	TFG	0.492	0.49	7.0	7.0	0.143	0.19	0.5	0.25
LRRC4	PPP1R7	0.634	0.585	11.0	17.0	0.099	0.593	0.0	0.25
LEP	MRM3	0.532	0.49	9.0	12.0	2.975	2.221	0.25	1.0
UBE2H	PDCD5	0.506	0.504	11.0	11.0	1.782	1.693	0.5	0.75
CEP41	KLHDC10	0.448	0.439	13.0	11.0	0.829	0.569	0.5	0.75
PLXNA4	HINT3	0.426	0.446	1.0	4.0	1.66	1.114	0.0	0.0
UBN2	CMTR1	0.494	0.495	11.0	11.0	0.674	0.618	0.25	0.5
BRAF	SRSF4	0.471	0.475	6.0	6.0	0.12	0.103	0.25	0.5
EPHA1	FAM220A	0.536	0.519	22.0	21.0	2.313	2.226	0.25	2.5
CNTNAP2	HDDC2	0.46	0.467	0.0	4.0	0.84	0.824	0.0	0.25
KMT2C	PSMG2	0.579	0.542	4.0	9.0	0.471	0.065	0.0	0.5
DPP6	GPAT4	0.504	0.51	0.0	6.0	0.468	0.572	0.25	0.75
EN2	RPS21	0.656	0.55	7.0	18.0	4.796	1.738	0.0	0.75
UBE3C	SUSD6	0.56	0.542	5.0	10.0	0.774	0.29	0.75	0.25
DLGAP2	WDR59	0.636	0.558	3.0	14.0	1.151	0.634	0.0	0.0
CLN8	HTATSF1	0.477	0.482	4.0	8.0	2.648	2.075	1.0	0.0
ARHGEF10	SRSF6	0.58	0.527	4.0	9.0	1.515	0.821	0.0	0.25
CSMD1	PGRMC1	0.542	0.521	0.0	10.0	2.674	1.63	0.0	0.25
MCPH1	NUP153	0.494	0.501	4.0	7.0	1.719	1.618	0.75	0.75
MSR1	PPID	0.349	0.437	2.0	6.0	1.214	0.654	0.0	0.5
PCM1	CNOT7	0.464	0.47	7.0	7.0	0.57	0.644	0.0	0.25
PSD3	RTCB	0.499	0.446	1.0	9.0	4.997	3.561	0.25	0.5
EGR3	EEF1D	0.664	0.675	17.0	35.0	3.587	1.884	0.0	0.0
RHOBTB2	NOP53	0.533	0.522	17.0	23.0	2.761	2.85	0.75	1.75
DPYSL2	CSNK2A2	0.592	0.562	5.0	15.0	0.561	0.512	0.0	0.25
KIF13B	ANAPC13	0.498	0.491	3.0	6.0	0.496	0.227	0.75	0.25
DDHD2	CHCHD1	0.453	0.461	17.0	18.0	0.056	0.174	0.75	0.75
FGFR1	SNRPD3	0.58	0.544	11.0	14.0	1.843	1.619	0.5	0.25
KAT6A	PABPC4	0.572	0.547	11.0	12.0	0.445	0.3	0.5	0.75
CHRNB3	DCTN4	0.428	0.441	15.0	17.0	0.628	0.717	0.25	0.0
PRKDC	EIF3J	0.536	0.525	3.0	9.0	0.029	0.083	0.75	0.75
MCM4	HSPE1-MOB4	0.536	0.53	3.0	10.0	0.029	0.017	0.75	0.5
RAB2A	RNF149	0.505	0.511	2.0	7.0	0.043	0.264	0.5	0.75
CHD7	NFX1	0.602	0.547	3.0	12.0	0.755	0.113	0.0	0.5
FABP5	GRHPR	0.52	0.511	10.0	12.0	1.832	1.838	0.0	1.0
CNGB3	TMEM30A	0.361	0.429	5.0	5.0	0.577	0.312	0.25	0.25
RUNX1T1	AIDA	0.502	0.514	0.0	7.0	0.142	0.386	0.0	0.5
SDC2	BRF2	0.532	0.494	5.0	15.0	3.391	2.551	0.25	1.25
VPS13B	NSA2	0.448	0.462	2.0	6.0	0.004	0.061	0.75	0.75
UBR5	OXSR1	0.548	0.537	6.0	12.0	0.169	0.292	0.75	0.5
EXT1	TMEM131	0.545	0.518	0.0	8.0	1.672	0.956	0.25	0.5
TBC1D31	SYF2	0.485	0.48	9.0	9.0	1.782	1.805	0.5	1.0
EFR3A	RP9	0.476	0.481	3.0	4.0	0.808	1.022	0.25	0.75
KCNQ3	MOAP1	0.6	0.524	7.0	11.0	3.309	1.527	0.0	0.5
TRAPPC9	UBB	0.56	0.53	2.0	12.0	2.565	1.423	0.75	1.25
AGO2	UROD	0.638	0.58	4.0	19.0	0.314	0.226	0.0	0.0
CYP11B1	BSDC1	0.5	0.501	26.0	28.0	0.36	0.383	0.0	1.0
EPPK1	KHNYN	0.678	0.623	42.0	44.0	3.637	3.579	0.0	0.0
ZNF517	KRTCAP2	0.565	0.568	32.0	34.0	0.26	0.272	1.0	0.25
DOCK8	EEF1B2	0.49	0.489	4.0	7.0	0.51	0.322	0.5	0.5
KANK1	MRPL46	0.496	0.47	5.0	9.0	2.576	2.185	0.5	0.25
SMARCA2	SAP18	0.42	0.46	0.0	8.0	4.054	3.003	0.0	1.25
RFX3	INTS10	0.502	0.486	0.0	5.0	2.086	1.415	0.0	0.5
SLC1A1	SNRNP35	0.547	0.499	7.0	18.0	3.786	2.945	0.75	2.5
MLANA	CCT2	0.433	0.448	9.0	9.0	0.967	1.016	0.25	0.75
KDM4C	DNAJB9	0.47	0.464	3.0	4.0	0.957	0.835	2.75	0.25
PTPRD	SMAP1	0.474	0.481	0.0	4.0	1.293	1.151	0.0	0.25
NFIB	ABCF2-H2BK1	0.36	0.501	2.0	25.0	5.546	4.862	0.0	0.5
SLC24A2	SMARCA5	0.47	0.474	2.0	4.0	1.682	1.375	0.25	0.5
ELAVL2	ATXN7L3B	0.45	0.447	0.0	0.0	0.782	0.398	0.0	0.5
TEK	PPP1R11	0.382	0.426	8.0	20.0	0.91	0.638	0.25	0.0
PIGO	STOML2	0.53	0.534	24.0	24.0	0.8	0.827	1.25	0.0
CCIN	YIPF3	0.512	0.5	25.0	26.0	1.141	1.21	0.75	0.5
RNF38	B4GALT5	0.579	0.543	7.0	12.0	1.431	0.59	0.0	0.0
PAX5	ATL2	0.541	0.507	5.0	8.0	1.695	1.472	0.0	0.25
CNTNAP3	RPL34	0.441	0.426	1.0	3.0	0.0	0.199	0.25	0.25
GDA	SLC30A9	0.424	0.431	6.0	5.0	0.337	0.241	1.25	0.5
ANXA1	MTX2	0.326	0.439	1.0	11.0	0.884	0.508	0.25	0.5
RORB	MED28	0.498	0.498	2.0	7.0	0.358	0.256	0.0	1.25
PRUNE2	PSMB7	0.474	0.456	3.0	10.0	3.216	2.836	0.0	0.5
HNRNPK	HSPE1	0.529	0.523	8.0	10.0	0.077	0.017	0.25	0.5
PHF2	NUDT16L1	0.668	0.659	7.0	28.0	0.416	0.427	0.0	0.0
GABBR2	MRPL23	0.648	0.661	5.0	28.0	0.69	0.858	0.0	0.0
CYLC2	DUSP11	0.31	0.435	0.0	14.0	1.021	0.326	0.0	1.0
ZNF462	GALNT1	0.544	0.52	1.0	8.0	0.328	0.409	0.0	0.0
FRRS1L	ATP6V0E1	0.495	0.494	9.0	8.0	1.101	1.001	0.25	1.0
ECPAS	PPIA	0.563	0.55	9.0	14.0	0.229	0.155	0.5	1.0
ASTN2	PACSIN2	0.585	0.557	2.0	15.0	0.79	0.562	0.0	0.75
LHX2	SERBP1	0.519	0.501	4.0	6.0	1.286	1.259	0.0	0.0
LMX1B	DNLZ	0.694	0.656	4.0	31.0	1.521	1.59	0.0	0.0
STXBP1	SUPT4H1	0.526	0.516	24.0	21.0	1.264	0.974	1.75	0.25
DNM1	UBXN6	0.597	0.592	33.0	31.0	1.028	1.114	1.0	1.25
SLC27A4	OST4	0.557	0.567	32.0	34.0	0.135	0.179	1.25	0.25
SPTAN1	MRPS7	0.528	0.524	33.0	33.0	0.381	0.359	0.0	0.5
SET	RPL26	0.521	0.519	33.0	33.0	1.957	1.916	1.5	1.25
POMT1	BAG1	0.575	0.542	11.0	13.0	0.789	0.342	0.75	0.25
TSC1	RPL19	0.515	0.498	22.0	25.0	3.446	3.559	0.25	1.0
KCNT1	KHSRP	0.65	0.603	14.0	23.0	2.599	1.244	0.0	0.5
NOTCH1	MCRIP1	0.694	0.625	42.0	40.0	3.121	2.598	0.0	0.5
GRIN1	PBX2	0.642	0.61	63.0	51.0	1.013	1.152	0.25	0.0
PNPLA7	CSNK1G2	0.638	0.651	35.0	36.0	1.887	1.688	1.0	0.75
EHMT1	DNAJC4	0.574	0.572	30.0	30.0	0.177	0.245	0.5	1.0
CACNA1B	ZMYND19	0.67	0.635	10.0	31.0	2.707	1.404	0.0	0.75
SHOX	NAP1L1	0.492	0.49	3.0	3.0	11.178	11.59	0.0	0.0
ASMT	COPE	0.507	0.536	7.0	32.0	8.689	4.479	3.0	1.0
NLGN4X	MAGEF1	0.467	0.482	1.0	16.0	3.634	3.043	0.0	0.25
TBL1X	ATP6V1G1	0.513	0.492	3.0	11.0	3.021	1.924	0.5	0.5
CLCN4	RHBDD2	0.451	0.468	5.0	12.0	2.782	2.206	0.25	1.75
MSL3	BLCAP	0.562	0.526	3.0	9.0	1.273	0.852	0.0	0.0
OFD1	CUL5	0.44	0.467	7.0	10.0	2.344	1.879	0.0	1.5
GLRA2	MTPN	0.383	0.433	3.0	5.0	0.14	0.288	0.25	0.25
PIGA	METTL9	0.453	0.456	12.0	13.0	0.577	0.409	0.5	1.25
SYAP1	PCBD1	0.487	0.494	5.0	9.0	2.463	1.767	1.25	0.0
CDKL5	SFT2D1	0.5	0.486	4.0	5.0	1.23	1.181	0.25	0.75
RPS6KA3	ARFGAP3	0.606	0.554	4.0	15.0	0.869	0.139	0.25	1.25
CNKSR2	RPL21	0.429	0.435	4.0	7.0	0.106	0.246	0.0	0.25
DDX53	DDX39A	0.416	0.526	1.0	28.0	6.634	4.202	0.25	2.0
PTCHD1	DDX49	0.608	0.543	5.0	32.0	8.584	4.479	0.0	0.75
ARX	CNOT11	0.528	0.51	2.0	7.0	1.365	0.808	0.0	0.75
IL1RAPL1	ZNF22	0.429	0.449	0.0	5.0	1.282	0.884	0.0	0.0
FAM47A	SELENOK	0.448	0.452	0.0	4.0	0.586	0.825	0.0	0.0
TSPAN7	COPRS	0.503	0.507	4.0	8.0	0.444	0.377	0.0	0.5
USP9X	PUM2	0.558	0.526	5.0	9.0	0.884	0.551	0.0	0.0
DDX3X	SENP5	0.553	0.526	4.0	14.0	1.873	1.497	0.0	1.5
CASK	HSPA14	0.541	0.507	3.0	11.0	2.153	1.405	0.0	0.5
MAOA	NPTN	0.539	0.523	2.0	10.0	0.093	0.152	0.25	0.5
MAOB	EIF3A	0.519	0.508	3.0	8.0	0.196	0.148	0.0	1.0
KDM6A	PAPOLA	0.55	0.518	3.0	8.0	0.841	0.537	0.25	1.0
CDK16	SLC35E1	0.566	0.574	16.0	19.0	0.043	0.155	0.0	0.5
SYN1	TAB1	0.54	0.536	16.0	19.0	1.928	1.726	0.0	2.0
SLC35A2	GPKOW	0.519	0.516	41.0	41.0	0.18	0.199	0.25	1.5
WDR45	TMEM208	0.546	0.546	41.0	41.0	0.077	0.14	1.0	0.0
CACNA1F	WDR55	0.515	0.513	40.0	40.0	0.235	0.144	0.75	2.0
KDM5C	TMEM59	0.493	0.492	14.0	14.0	0.466	0.307	0.0	0.25
IQSEC2	RPS28	0.58	0.541	11.0	27.0	5.211	2.82	0.0	0.5
WNK3	RPS13	0.522	0.518	7.0	10.0	0.152	0.069	0.0	1.5
ARHGEF9	LMAN1	0.413	0.44	4.0	6.0	0.012	0.379	0.25	0.0
VSIG4	NSMCE1	0.444	0.453	2.0	6.0	0.651	0.622	0.0	0.5
AR	DDX27	0.53	0.505	0.0	8.0	0.014	0.126	0.0	1.75
OPHN1	ZBED5	0.497	0.484	3.0	6.0	1.018	0.922	0.25	0.25
DLG3	MIIP	0.559	0.54	13.0	17.0	2.53	1.512	0.25	2.5
SLC7A3	IKZF5	0.486	0.474	14.0	13.0	0.537	0.378	0.25	0.0
NLGN3	KDELR2	0.537	0.538	16.0	18.0	2.114	1.498	0.5	2.25
NEXMIF	ITCH	0.534	0.524	3.0	10.0	0.082	0.437	0.0	1.75
ATRX	NAT10	0.443	0.453	7.0	9.0	0.008	0.069	0.25	0.5
ZNF711	EPM2AIP1	0.45	0.464	3.0	6.0	0.017	0.078	0.0	0.5
PCDH11X	MGST3	0.504	0.486	1.0	6.0	1.054	1.223	0.0	0.0
PCDH19	TCF25	0.612	0.582	6.0	21.0	0.517	0.356	0.0	1.25
RPL36A-HNRNPH2	RPL36A-HNRNPH2	0.444	0.444	17.0	17.0	0.558	0.558	0.25	0.25
HNRNPH2	RPL36A	0.419	0.441	17.0	17.0	0.511	0.557	0.25	0.0
IL1RAPL2	PCBP1	0.552	0.541	5.0	13.0	0.135	0.118	0.25	0.0
ALG13	RAB14	0.349	0.436	6.0	11.0	0.497	0.205	0.5	0.75
AGTR2	UTP3	0.342	0.458	2.0	17.0	2.259	2.39	0.0	0.5
UPF3B	MORF4L2	0.446	0.442	18.0	21.0	0.74	0.688	1.0	0.25
RHOXF1	RAB2B	0.434	0.46	17.0	22.0	2.994	3.048	0.25	0.75
SMARCA1	DNAJC1	0.48	0.477	7.0	7.0	2.005	1.569	0.0	0.25
GPC4	CHMP5	0.596	0.54	3.0	13.0	0.627	0.342	0.0	0.25
SLC9A6	RPS3	0.49	0.487	15.0	14.0	1.074	0.962	0.25	1.5
MAGEC3	IDH3B	0.432	0.497	5.0	22.0	5.188	2.654	0.0	1.75
FMR1	NOMO1	0.5	0.503	1.0	9.0	1.065	0.947	0.0	0.75
AFF2	TMEM9	0.552	0.498	0.0	14.0	2.807	2.162	0.0	0.0
CD99L2	CIAO2A	0.546	0.494	5.0	11.0	3.239	1.432	0.0	0.25
SLC6A8	MSL1	0.702	0.617	31.0	29.0	2.387	1.302	0.0	0.5
MECP2	CHMP4A	0.481	0.51	42.0	44.0	1.161	1.148	0.75	1.5
RPL10	CDC37	0.644	0.633	38.0	36.0	0.276	0.326	0.75	0.0
PLXNA3	PPP6R2	0.63	0.627	33.0	35.0	0.687	0.784	1.5	0.5
RAB39B	VPS39	0.416	0.437	18.0	19.0	0.112	0.061	0.25	0.0
TMLHE	MRPL37	0.432	0.454	10.0	17.0	2.161	1.837	0.25	0.5
